Gewerk;Unternehmen;PPS_Nummer;PLZ
Keller / Bodenplatte;Knecht Sora;1112;01
Keller / Bodenplatte;Glatthaar;1183;01
Keller / Bodenplatte;Knecht Sora;1112;02
Keller / Bodenplatte;Glatthaar;1183;02
Keller / Bodenplatte;Knecht Sora;1112;03
Keller / Bodenplatte;Glatthaar;1183;03
Keller / Bodenplatte;Knecht Sora;1112;04
Keller / Bodenplatte;Glatthaar;1183;04
Keller / Bodenplatte;Knecht Sora;1112;05
Keller / Bodenplatte;Glatthaar;1183;05
Keller / Bodenplatte;Knecht Sora;1112;07
Keller / Bodenplatte;Glatthaar;1183;07
Keller / Bodenplatte;Knecht Sora;1112;08
Keller / Bodenplatte;Glatthaar;1183;08
Keller / Bodenplatte;Knecht Werder;1111;10
Keller / Bodenplatte;Glatthaar;1183;10
Keller / Bodenplatte;Knecht Werder;1111;12
Keller / Bodenplatte;Glatthaar;1183;12
Keller / Bodenplatte;Knecht Werder;1111;13
Keller / Bodenplatte;Knecht Werder;1111;14
Keller / Bodenplatte;Glatthaar;1183;14
Keller / Bodenplatte;Knecht Werder;1111;15
Keller / Bodenplatte;Glatthaar;1183;15
Keller / Bodenplatte;Knecht Werder;1111;16
Keller / Bodenplatte;Knecht Werder;1111;17
Keller / Bodenplatte;Knecht Werder;1111;18
Keller / Bodenplatte;Knecht Werder;1111;19
Keller / Bodenplatte;Knecht Werder;1111;20
Keller / Bodenplatte;Knecht Werder;1111;21
Keller / Bodenplatte;Knecht Werder;1111;22
Keller / Bodenplatte;Knecht Werder;1111;23
Keller / Bodenplatte;Knecht Werder;1111;24
Keller / Bodenplatte;Knecht Werder;1111;25
Keller / Bodenplatte;Knecht Werder;1111;26
Keller / Bodenplatte;Knecht Werder;1111;27
Keller / Bodenplatte;Knecht Werder;1111;28
Keller / Bodenplatte;Knecht Werder;1111;29
Keller / Bodenplatte;Knecht Werder;1111;30
Keller / Bodenplatte;Glatthaar;1183;30
Keller / Bodenplatte;Knecht Werder;1111;31
Keller / Bodenplatte;Glatthaar;1183;31
Keller / Bodenplatte;Glatthaar;1183;32
Keller / Bodenplatte;Knecht Metzingen;0;32
Keller / Bodenplatte;Glatthaar;1183;33
Keller / Bodenplatte;Knecht Metzingen;0;33
Keller / Bodenplatte;Franzbau;1184;34
Keller / Bodenplatte;Knecht Metzingen;0;34
Keller / Bodenplatte;Glatthaar;1183;34
Keller / Bodenplatte;Franzbau;1184;35
Keller / Bodenplatte;Knecht Metzingen;0;35
Keller / Bodenplatte;Glatthaar;1183;35
Keller / Bodenplatte;Franzbau;1184;36
Keller / Bodenplatte;Knecht Metzingen;0;36
Keller / Bodenplatte;Glatthaar;1183;36
Keller / Bodenplatte;Knecht Metzingen;0;37
Keller / Bodenplatte;Glatthaar;1183;37
Keller / Bodenplatte;Knecht Werder;1111;38
Keller / Bodenplatte;Glatthaar;1183;38
Keller / Bodenplatte;Knecht Werder;1111;39
Keller / Bodenplatte;Glatthaar;1183;39
Keller / Bodenplatte;Glatthaar;1183;40
Keller / Bodenplatte;Knecht Metzingen;0;40
Keller / Bodenplatte;Glatthaar;1183;41
Keller / Bodenplatte;Knecht Metzingen;0;41
Keller / Bodenplatte;Glatthaar;1183;42
Keller / Bodenplatte;Knecht Metzingen;0;42
Keller / Bodenplatte;Glatthaar;1183;44
Keller / Bodenplatte;Knecht Metzingen;0;44
Keller / Bodenplatte;Glatthaar;1183;45
Keller / Bodenplatte;Knecht Metzingen;0;45
Keller / Bodenplatte;Glatthaar;1183;46
Keller / Bodenplatte;Knecht Metzingen;0;46
Keller / Bodenplatte;Glatthaar;1183;47
Keller / Bodenplatte;Knecht Metzingen;0;47
Keller / Bodenplatte;Glatthaar;1183;48
Keller / Bodenplatte;Knecht Metzingen;0;48
Keller / Bodenplatte;Knecht Metzingen;0;49
Keller / Bodenplatte;Glatthaar;1183;50
Keller / Bodenplatte;Knecht Metzingen;0;50
Keller / Bodenplatte;Glatthaar;1183;51
Keller / Bodenplatte;Knecht Metzingen;0;51
Keller / Bodenplatte;Glatthaar;1183;52
Keller / Bodenplatte;Knecht Metzingen;0;52
Keller / Bodenplatte;Glatthaar;1183;53
Keller / Bodenplatte;Knecht Metzingen;0;53
Keller / Bodenplatte;Glatthaar;1183;54
Keller / Bodenplatte;Knecht Metzingen;0;54
Keller / Bodenplatte;Glatthaar;1183;55
Keller / Bodenplatte;Knecht Metzingen;0;55
Keller / Bodenplatte;Glatthaar;1183;56
Keller / Bodenplatte;Knecht Metzingen;0;56
Keller / Bodenplatte;Glatthaar;1183;57
Keller / Bodenplatte;Knecht Metzingen;0;57
Keller / Bodenplatte;Glatthaar;1183;58
Keller / Bodenplatte;Knecht Metzingen;0;58
Keller / Bodenplatte;Glatthaar;1183;59
Keller / Bodenplatte;Knecht Metzingen;0;59
Keller / Bodenplatte;Franzbau;1184;60
Keller / Bodenplatte;Knecht Metzingen;0;60
Keller / Bodenplatte;Glatthaar;1183;60
Keller / Bodenplatte;Franzbau;1184;61
Keller / Bodenplatte;Knecht Metzingen;0;61
Keller / Bodenplatte;Glatthaar;1183;61
Keller / Bodenplatte;Franzbau;1184;63
Keller / Bodenplatte;Knecht Metzingen;0;63
Keller / Bodenplatte;Glatthaar;1183;63
Keller / Bodenplatte;Franzbau;1184;64
Keller / Bodenplatte;Knecht Metzingen;0;64
Keller / Bodenplatte;Glatthaar;1183;64
Keller / Bodenplatte;Glatthaar;1183;65
Keller / Bodenplatte;Knecht Metzingen;0;65
Keller / Bodenplatte;Glatthaar;1183;66
Keller / Bodenplatte;Knecht Metzingen;0;66
Keller / Bodenplatte;Glatthaar;1183;67
Keller / Bodenplatte;Knecht Metzingen;0;67
Keller / Bodenplatte;Glatthaar;1183;68
Keller / Bodenplatte;Knecht Metzingen;0;68
Keller / Bodenplatte;Knecht Metzingen;0;70
Keller / Bodenplatte;Glatthaar;1183;70
Keller / Bodenplatte;Knecht Metzingen;0;71
Keller / Bodenplatte;Glatthaar;1183;71
Keller / Bodenplatte;Knecht Metzingen;0;72
Keller / Bodenplatte;Glatthaar;1183;72
Keller / Bodenplatte;Knecht Metzingen;0;73
Keller / Bodenplatte;Glatthaar;1183;73
Keller / Bodenplatte;Knecht Metzingen;0;74
Keller / Bodenplatte;Glatthaar;1183;74
Keller / Bodenplatte;Glatthaar;1183;75
Keller / Bodenplatte;Knecht Metzingen;0;75
Keller / Bodenplatte;Glatthaar;1183;76
Keller / Bodenplatte;Knecht Metzingen;0;76
Keller / Bodenplatte;Knecht Metzingen;0;77
Keller / Bodenplatte;Knecht Metzingen;0;78
Keller / Bodenplatte;Knecht Metzingen;0;79
Keller / Bodenplatte;Knecht Metzingen;0;80
Keller / Bodenplatte;Knecht Metzingen;0;81
Keller / Bodenplatte;Knecht Metzingen;0;82
Keller / Bodenplatte;Knecht Metzingen;0;83
Keller / Bodenplatte;Knecht Metzingen;0;84
Keller / Bodenplatte;Knecht Metzingen;0;85
Keller / Bodenplatte;Knecht Metzingen;0;86
Keller / Bodenplatte;Knecht Metzingen;0;87
Keller / Bodenplatte;Glatthaar;1183;87
Keller / Bodenplatte;Knecht Metzingen;0;88
Keller / Bodenplatte;Glatthaar;1183;88
Keller / Bodenplatte;Knecht Metzingen;0;89
Keller / Bodenplatte;Glatthaar;1183;89
Keller / Bodenplatte;Knecht Metzingen;0;90
Keller / Bodenplatte;Knecht Metzingen;0;91
Keller / Bodenplatte;Knecht Metzingen;0;92
Keller / Bodenplatte;Knecht Metzingen;0;93
Keller / Bodenplatte;Knecht Metzingen;0;94
Keller / Bodenplatte;Knecht Sora;1112;95
Keller / Bodenplatte;Glatthaar;1183;95
Keller / Bodenplatte;Knecht Sora;1112;96
Keller / Bodenplatte;Glatthaar;1183;96
Keller / Bodenplatte;Knecht Metzingen;0;97
Keller / Bodenplatte;Glatthaar;1183;97
Keller / Bodenplatte;Knecht Sora;1112;98
Keller / Bodenplatte;Glatthaar;1183;98
Keller / Bodenplatte;Knecht Sora;1112;99
Keller / Bodenplatte;Glatthaar;1183;99
Keller / Bodenplatte;Knecht Metzingen;0;LUX
Gerüstbau;Hepp;502;01
Gerüstbau;Hepp;502;02
Gerüstbau;Hepp;502;03
Gerüstbau;Hepp;502;04
Gerüstbau;Hepp;502;05
Gerüstbau;Hepp;502;06
Gerüstbau;Hepp;502;07
Gerüstbau;Hepp;502;08
Gerüstbau;Hepp;502;09
Gerüstbau;Hepp;502;10
Gerüstbau;Hepp;502;11
Gerüstbau;Hepp;502;12
Gerüstbau;Hepp;502;13
Gerüstbau;Hepp;502;14
Gerüstbau;Hepp;502;15
Gerüstbau;Hepp;502;16
Gerüstbau;Hepp;502;17
Gerüstbau;Hepp;502;18
Gerüstbau;Hepp;502;19
Gerüstbau;Hepp;502;20
Gerüstbau;Hepp;502;21
Gerüstbau;Hepp;502;22
Gerüstbau;Hepp;502;23
Gerüstbau;Hepp;502;24
Gerüstbau;Hepp;502;25
Gerüstbau;Hepp;502;26
Gerüstbau;Hepp;502;27
Gerüstbau;Hepp;502;28
Gerüstbau;Hepp;502;29
Gerüstbau;Hepp;502;30
Gerüstbau;Hepp;502;31
Gerüstbau;Hepp;502;32
Gerüstbau;Hepp;502;33
Gerüstbau;Hepp;502;34
Gerüstbau;Hepp;502;35
Gerüstbau;Hepp;502;36
Gerüstbau;Hepp;502;37
Gerüstbau;Hepp;502;38
Gerüstbau;Hepp;502;39
Gerüstbau;Hepp;502;40
Gerüstbau;Hepp;502;41
Gerüstbau;Hepp;502;42
Gerüstbau;Hepp;502;43
Gerüstbau;Hepp;502;44
Gerüstbau;Hepp;502;45
Gerüstbau;Hepp;502;46
Gerüstbau;Hepp;502;47
Gerüstbau;Hepp;502;48
Gerüstbau;Hepp;502;49
Gerüstbau;Hepp;502;50
Gerüstbau;Hepp;502;51
Gerüstbau;Hepp;502;52
Gerüstbau;Hepp;502;53
Gerüstbau;Hepp;502;54
Gerüstbau;Hepp;502;55
Gerüstbau;Hepp;502;56
Gerüstbau;Hepp;502;57
Gerüstbau;Hepp;502;58
Gerüstbau;Hepp;502;59
Gerüstbau;Hepp;502;60
Gerüstbau;Hepp;502;61
Gerüstbau;Hepp;502;62
Gerüstbau;Hepp;502;63
Gerüstbau;Hepp;502;64
Gerüstbau;Hepp;502;65
Gerüstbau;Hepp;502;66
Gerüstbau;Hepp;502;67
Gerüstbau;Hepp;502;68
Gerüstbau;Hepp;502;69
Gerüstbau;Hepp;502;70
Gerüstbau;Hepp;502;71
Gerüstbau;Hepp;502;72
Gerüstbau;Hepp;502;73
Gerüstbau;Hepp;502;74
Gerüstbau;Hepp;502;75
Gerüstbau;Hepp;502;76
Gerüstbau;Hepp;502;77
Gerüstbau;Hepp;502;78
Gerüstbau;Hepp;502;79
Gerüstbau;Hepp;502;80
Gerüstbau;Hepp;502;81
Gerüstbau;Hepp;502;82
Gerüstbau;Hepp;502;83
Gerüstbau;Hepp;502;84
Gerüstbau;Hepp;502;85
Gerüstbau;Hepp;502;86
Gerüstbau;Hepp;502;87
Gerüstbau;Hepp;502;88
Gerüstbau;Hepp;502;89
Gerüstbau;Hepp;502;90
Gerüstbau;Hepp;502;91
Gerüstbau;Hepp;502;92
Gerüstbau;Hepp;502;93
Gerüstbau;Hepp;502;94
Gerüstbau;Hepp;502;95
Gerüstbau;Hepp;502;96
Gerüstbau;Hepp;502;97
Gerüstbau;Hepp;502;98
Gerüstbau;Hepp;502;99
Gerüstbau;Hepp;502;LUX
Fliesenleger;Grodon;1098;01
Fliesenleger;Riedel;1766,1959;01
Fliesenleger;Grodon;1098;02
Fliesenleger;Riedel;1766,1959;02
Fliesenleger;Grodon;1098;03
Fliesenleger;Riedel;1766,1959;03
Fliesenleger;Andre UG;0;04
Fliesenleger;Grodon;1098;04
Fliesenleger;Riedel;1766,1959;04
Fliesenleger;Grodon;1098;05
Fliesenleger;Riedel;1766,1959;05
Fliesenleger;Andre UG;0;06
Fliesenleger;Grodon;1098;06
Fliesenleger;Riedel;1766,1959;06
Fliesenleger;Grodon;1098;07
Fliesenleger;Riedel;1766,1959;07
Fliesenleger;Grodon;1098;08
Fliesenleger;Riedel;1766,1959;08
Fliesenleger;Grodon;1098;09
Fliesenleger;Riedel;1766,1959;09
Fliesenleger;Tony Kirchner;0;10
Fliesenleger;Grodon;1098;10
Fliesenleger;Riedel;1766,1959;10
Fliesenleger;Tony Kirchner;0;12
Fliesenleger;Grodon;1098;12
Fliesenleger;Riedel;1766,1959;12
Fliesenleger;Andre UG;0;12
Fliesenleger;Tony Kirchner;0;13
Fliesenleger;Grodon;1098;13
Fliesenleger;Riedel;1766,1959;13
Fliesenleger;Andre UG;0;13
Fliesenleger;Tony Kirchner;0;14
Fliesenleger;Grodon;1098;14
Fliesenleger;Riedel;1766,1959;14
Fliesenleger;Andre UG;0;14
Fliesenleger;Grodon;1098;15
Fliesenleger;Tony Kirchner;0;15
Fliesenleger;Riedel;1766,1959;15
Fliesenleger;Andre UG;0;15
Fliesenleger;Grodon;1098;16
Fliesenleger;Tony Kirchner;0;16
Fliesenleger;Riedel;1766,1959;16
Fliesenleger;Andre UG;0;16
Fliesenleger;Riedel;1766,1959;17
Fliesenleger;Grodon;1098;17
Fliesenleger;Andre UG;0;17
Fliesenleger;Riedel;1766,1959;18
Fliesenleger;Grodon;1098;18
Fliesenleger;Andre UG;0;18
Fliesenleger;Riedel;1766,1959;19
Fliesenleger;Grodon;1098;19
Fliesenleger;Andre UG;0;19
Fliesenleger;Herrmann;0;20
Fliesenleger;Andre UG;0;20
Fliesenleger;Riedel;1766,1959;20
Fliesenleger;Herrmann;0;21
Fliesenleger;Andre UG;0;21
Fliesenleger;Riedel;1766,1959;21
Fliesenleger;Herrmann;0;22
Fliesenleger;Andre UG;0;22
Fliesenleger;Riedel;1766,1959;22
Fliesenleger;Herrmann;0;23
Fliesenleger;Andre UG;0;23
Fliesenleger;Riedel;1766,1959;23
Fliesenleger;Herrmann;0;24
Fliesenleger;Andre UG;0;24
Fliesenleger;Riedel;1766,1959;24
Fliesenleger;Herrmann;0;25
Fliesenleger;Andre UG;0;25
Fliesenleger;Riedel;1766,1959;25
Fliesenleger;Hahn;263,1429;26
Fliesenleger;Riedel;1766,1959;26
Fliesenleger;Andre UG;0;26
Fliesenleger;Civic;1860;26
Fliesenleger;Hahn;263,1429;27
Fliesenleger;Riedel;1766,1959;27
Fliesenleger;Andre UG;0;27
Fliesenleger;Civic;1860;27
Fliesenleger;Hahn;263,1429;28
Fliesenleger;Riedel;1766,1959;28
Fliesenleger;Andre UG;0;28
Fliesenleger;Civic;1860;28
Fliesenleger;Andre UG;0;29
Fliesenleger;Riedel;1766,1959;29
Fliesenleger;Civic;1860;29
Fliesenleger;Castello;1872;30
Fliesenleger;Riedel;1766,1959;30
Fliesenleger;Andre UG;0;30
Fliesenleger;Civic;1860;30
Fliesenleger;Castello;1872;31
Fliesenleger;Riedel;1766,1959;31
Fliesenleger;Andre UG;0;31
Fliesenleger;Civic;1860;31
Fliesenleger;Castello;1872;32
Fliesenleger;Riedel;1766,1959;32
Fliesenleger;Andre UG;0;32
Fliesenleger;Civic;1860;32
Fliesenleger;Castello;1872;33
Fliesenleger;Riedel;1766,1959;33
Fliesenleger;Andre UG;0;33
Fliesenleger;Pape;1974;33
Fliesenleger;Civic;1860;33
Fliesenleger;Riedel;1766,1959;34
Fliesenleger;Castello;1872;34
Fliesenleger;Andre UG;0;34
Fliesenleger;Pape;1974;34
Fliesenleger;Civic;1860;34
Fliesenleger;Riedel;1766,1959;35
Fliesenleger;Castello;1872;35
Fliesenleger;Andre UG;0;35
Fliesenleger;Civic;1860;35
Fliesenleger;Riedel;1766,1959;36
Fliesenleger;Castello;1872;36
Fliesenleger;Andre UG;0;36
Fliesenleger;Civic;1860;36
Fliesenleger;Riedel;1766,1959;37
Fliesenleger;Castello;1872;37
Fliesenleger;Andre UG;0;37
Fliesenleger;Civic;1860;37
Fliesenleger;Andre UG;0;38
Fliesenleger;Castello;1872;38
Fliesenleger;Riedel;1766,1959;38
Fliesenleger;Civic;1860;38
Fliesenleger;Andre UG;0;39
Fliesenleger;Castello;1872;39
Fliesenleger;Riedel;1766,1959;39
Fliesenleger;Civic;1860;39
Fliesenleger;Castello;1872;40
Fliesenleger;Riedel;1766,1959;40
Fliesenleger;Pape;1974;40
Fliesenleger;Civic;1860;40
Fliesenleger;Castello;1872;41
Fliesenleger;Riedel;1766,1959;41
Fliesenleger;Civic;1860;41
Fliesenleger;Castello;1872;42
Fliesenleger;Riedel;1766,1959;42
Fliesenleger;Pape;1974;42
Fliesenleger;Civic;1860;42
Fliesenleger;Castello;1872;43
Fliesenleger;Riedel;1766,1959;43
Fliesenleger;Civic;1860;43
Fliesenleger;Castello;1872;44
Fliesenleger;Riedel;1766,1959;44
Fliesenleger;Pape;1974;44
Fliesenleger;Civic;1860;44
Fliesenleger;Castello;1872;45
Fliesenleger;Riedel;1766,1959;45
Fliesenleger;Pape;1974;45
Fliesenleger;Civic;1860;45
Fliesenleger;Castello;1872;46
Fliesenleger;Civic;1860;46
Fliesenleger;Riedel;1766,1959;46
Fliesenleger;Pape;1974;46
Fliesenleger;Castello;1872;47
Fliesenleger;Civic;1860;47
Fliesenleger;Riedel;1766,1959;47
Fliesenleger;Castello;1872;48
Fliesenleger;Civic;1860;48
Fliesenleger;Riedel;1766,1959;48
Fliesenleger;Pape;1974;48
Fliesenleger;Castello;1872;49
Fliesenleger;Civic;1860;49
Fliesenleger;Riedel;1766,1959;49
Fliesenleger;Castello;1872;50
Fliesenleger;Riedel;1766,1959;50
Fliesenleger;Pape;1974;50
Fliesenleger;Civic;1860;50
Fliesenleger;Castello;1872;51
Fliesenleger;Riedel;1766,1959;51
Fliesenleger;Pape;1974;51
Fliesenleger;Civic;1860;51
Fliesenleger;Castello;1872;52
Fliesenleger;Riedel;1766,1959;52
Fliesenleger;Civic;1860;52
Fliesenleger;Castello;1872;53
Fliesenleger;Riedel;1766,1959;53
Fliesenleger;Civic;1860;53
Fliesenleger;Castello;1872;54
Fliesenleger;Zell;1120;54
Fliesenleger;Riedel;1766,1959;54
Fliesenleger;Civic;1860;54
Fliesenleger;Castello;1872;55
Fliesenleger;Zell;1120;55
Fliesenleger;Riedel;1766,1959;55
Fliesenleger;Civic;1860;55
Fliesenleger;Castello;1872;56
Fliesenleger;Riedel;1766,1959;56
Fliesenleger;Civic;1860;56
Fliesenleger;Castello;1872;57
Fliesenleger;Riedel;1766,1959;57
Fliesenleger;Pape;1974;57
Fliesenleger;Civic;1860;57
Fliesenleger;Castello;1872;58
Fliesenleger;Riedel;1766,1959;58
Fliesenleger;Pape;1974;58
Fliesenleger;Civic;1860;58
Fliesenleger;Castello;1872;59
Fliesenleger;Riedel;1766,1959;59
Fliesenleger;Pape;1974;59
Fliesenleger;Civic;1860;59
Fliesenleger;Civic;1860;60
Fliesenleger;Meindl;1240;60
Fliesenleger;Riedel;1766,1959;60
Fliesenleger;Castello;1872;60
Fliesenleger;Civic;1860;61
Fliesenleger;Meindl;1240;61
Fliesenleger;Riedel;1766,1959;61
Fliesenleger;Castello;1872;61
Fliesenleger;Civic;1860;62
Fliesenleger;Meindl;1240;62
Fliesenleger;Riedel;1766,1959;62
Fliesenleger;Castello;1872;62
Fliesenleger;Civic;1860;63
Fliesenleger;Meindl;1240;63
Fliesenleger;Riedel;1766,1959;63
Fliesenleger;Castello;1872;63
Fliesenleger;Civic;1860;64
Fliesenleger;Meindl;1240;64
Fliesenleger;Riedel;1766,1959;64
Fliesenleger;Castello;1872;64
Fliesenleger;Civic;1860;65
Fliesenleger;Castello;1872;65
Fliesenleger;Riedel;1766,1959;65
Fliesenleger;Zell;1120;66
Fliesenleger;Meindl;1240;66
Fliesenleger;Riedel;1766,1959;66
Fliesenleger;Civic;1860;66
Fliesenleger;Castello;1872;66
Fliesenleger;Zell;1120;67
Fliesenleger;Meindl;1240;67
Fliesenleger;Riedel;1766,1959;67
Fliesenleger;Civic;1860;67
Fliesenleger;Castello;1872;67
Fliesenleger;Coli-Dicht;0;68
Fliesenleger;Meindl;1240;68
Fliesenleger;Riedel;1766,1959;68
Fliesenleger;Civic;1860;68
Fliesenleger;KW Homedesign;0;68
Fliesenleger;Castello;1872;68
Fliesenleger;Coli-Dicht;0;69
Fliesenleger;Meindl;1240;69
Fliesenleger;Riedel;1766,1959;69
Fliesenleger;Civic;1860;69
Fliesenleger;KW Homedesign;0;69
Fliesenleger;Castello;1872;69
Fliesenleger;Schöck;1500;70
Fliesenleger;Dermer;1444;70
Fliesenleger;Meindl;1240;70
Fliesenleger;Tokmak;1973;70
Fliesenleger;KW Homedesign;0;70
Fliesenleger;Castello;1872;70
Fliesenleger;Civic;1860;70
Fliesenleger;Dermer;1444;71
Fliesenleger;Schöck;1500;71
Fliesenleger;Meindl;1240;71
Fliesenleger;Tokmak;1973;71
Fliesenleger;KW Homedesign;0;71
Fliesenleger;Castello;1872;71
Fliesenleger;Civic;1860;71
Fliesenleger;Schöck;1500;72
Fliesenleger;Tokmak;1973;72
Fliesenleger;Meindl;1240;72
Fliesenleger;Castello;1872;72
Fliesenleger;KW Homedesign;0;72
Fliesenleger;Civic;1860;72
Fliesenleger;Schöck;1500;73
Fliesenleger;Dermer;1444;73
Fliesenleger;Meindl;1240;73
Fliesenleger;Tokmak;1973;73
Fliesenleger;KW Homedesign;0;73
Fliesenleger;Castello;1872;73
Fliesenleger;Civic;1860;73
Fliesenleger;Coli-Dicht;0;74
Fliesenleger;Dermer;1444;74
Fliesenleger;Meindl;1240;74
Fliesenleger;Tokmak;1973;74
Fliesenleger;KW Homedesign;0;74
Fliesenleger;Castello;1872;74
Fliesenleger;Civic;1860;74
Fliesenleger;Militano;1407;75
Fliesenleger;Riedel;1766,1959;75
Fliesenleger;Meindl;1240;75
Fliesenleger;Tokmak;1973;75
Fliesenleger;KW Homedesign;0;75
Fliesenleger;Castello;1872;75
Fliesenleger;Civic;1860;75
Fliesenleger;Meindl;1240;76
Fliesenleger;Riedel;1766,1959;76
Fliesenleger;Tokmak;1973;76
Fliesenleger;KW Homedesign;0;76
Fliesenleger;Castello;1872;76
Fliesenleger;Civic;1860;76
Fliesenleger;Bähr;1770;77
Fliesenleger;Meindl;1240;77
Fliesenleger;Riedel;1766,1959;77
Fliesenleger;Civic;1860;77
Fliesenleger;KW Homedesign;0;77
Fliesenleger;Castello;1872;77
Fliesenleger;Tokmak;1973;78
Fliesenleger;Meindl;1240;78
Fliesenleger;Riedel;1766,1959;78
Fliesenleger;Civic;1860;78
Fliesenleger;KW Homedesign;0;78
Fliesenleger;Castello;1872;78
Fliesenleger;Bähr;1770;79
Fliesenleger;Meindl;1240;79
Fliesenleger;Riedel;1766,1959;79
Fliesenleger;Civic;1860;79
Fliesenleger;KW Homedesign;0;79
Fliesenleger;Castello;1872;79
Fliesenleger;Meindl;1240;80
Fliesenleger;Riedel;1766,1959;80
Fliesenleger;Castello;1872;80
Fliesenleger;Civic;1860;80
Fliesenleger;KW Homedesign;0;80
Fliesenleger;Meindl;1240;81
Fliesenleger;Riedel;1766,1959;81
Fliesenleger;Castello;1872;81
Fliesenleger;Civic;1860;81
Fliesenleger;KW Homedesign;0;81
Fliesenleger;Meindl;1240;82
Fliesenleger;Riedel;1766,1959;82
Fliesenleger;Castello;1872;82
Fliesenleger;Civic;1860;82
Fliesenleger;KW Homedesign;0;82
Fliesenleger;Meindl;1240;83
Fliesenleger;Riedel;1766,1959;83
Fliesenleger;Castello;1872;83
Fliesenleger;Civic;1860;83
Fliesenleger;KW Homedesign;0;83
Fliesenleger;Meindl;1240;84
Fliesenleger;Riedel;1766,1959;84
Fliesenleger;Castello;1872;84
Fliesenleger;Civic;1860;84
Fliesenleger;KW Homedesign;0;84
Fliesenleger;Meindl;1240;85
Fliesenleger;Riedel;1766,1959;85
Fliesenleger;Castello;1872;85
Fliesenleger;Civic;1860;85
Fliesenleger;KW Homedesign;0;85
Fliesenleger;Meindl;1240;86
Fliesenleger;Riedel;1766,1959;86
Fliesenleger;Castello;1872;86
Fliesenleger;Civic;1860;86
Fliesenleger;KW Homedesign;0;86
Fliesenleger;Meindl;1240;87
Fliesenleger;Riedel;1766,1959;87
Fliesenleger;Castello;1872;87
Fliesenleger;Civic;1860;87
Fliesenleger;KW Homedesign;0;87
Fliesenleger;Meindl;1240;88
Fliesenleger;Riedel;1766,1959;88
Fliesenleger;Castello;1872;88
Fliesenleger;Civic;1860;88
Fliesenleger;KW Homedesign;0;88
Fliesenleger;Meindl;1240;89
Fliesenleger;Riedel;1766,1959;89
Fliesenleger;Castello;1872;89
Fliesenleger;Civic;1860;89
Fliesenleger;KW Homedesign;0;89
Fliesenleger;Meindl;1240;90
Fliesenleger;Kleslo;1711;90
Fliesenleger;Riedel;1766,1959;90
Fliesenleger;Castello;1872;90
Fliesenleger;KW Homedesign;0;90
Fliesenleger;Civic;1860;90
Fliesenleger;Meindl;1240;91
Fliesenleger;Kleslo;1711;91
Fliesenleger;Riedel;1766,1959;91
Fliesenleger;Castello;1872;91
Fliesenleger;KW Homedesign;0;91
Fliesenleger;Civic;1860;91
Fliesenleger;Meindl;1240;92
Fliesenleger;Kleslo;1711;92
Fliesenleger;Riedel;1766,1959;92
Fliesenleger;Castello;1872;92
Fliesenleger;KW Homedesign;0;92
Fliesenleger;Civic;1860;92
Fliesenleger;Meindl;1240;93
Fliesenleger;Kleslo;1711;93
Fliesenleger;Riedel;1766,1959;93
Fliesenleger;Castello;1872;93
Fliesenleger;KW Homedesign;0;93
Fliesenleger;Civic;1860;93
Fliesenleger;Meindl;1240;94
Fliesenleger;Riedel;1766,1959;94
Fliesenleger;Castello;1872;94
Fliesenleger;Civic;1860;94
Fliesenleger;KW Homedesign;0;94
Fliesenleger;Meindl;1240;95
Fliesenleger;Riedel;1766,1959;95
Fliesenleger;Castello;1872;95
Fliesenleger;Civic;1860;95
Fliesenleger;Meindl;1240;96
Fliesenleger;Riedel;1766,1959;96
Fliesenleger;Castello;1872;96
Fliesenleger;Civic;1860;96
Fliesenleger;Meindl;1240;97
Fliesenleger;Riedel;1766,1959;97
Fliesenleger;Castello;1872;97
Fliesenleger;Civic;1860;97
Fliesenleger;Riedel;1766,1959;98
Fliesenleger;Meindl;1240;98
Fliesenleger;Castello;1872;98
Fliesenleger;Civic;1860;98
Fliesenleger;Riedel;1766,1959;99
Fliesenleger;Meindl;1240;99
Fliesenleger;Castello;1872;99
Fliesenleger;Civic;1860;99
Fliesenleger;Silano;1727;LUX
Maler;Modsching;811;01
Maler;Grießbach;945;01
Maler;Materne;1917;01
Maler;A&O Voichuk;0;01
Maler;Modsching;811;02
Maler;Grießbach;945;02
Maler;Materne;1917;02
Maler;A&O Voichuk;0;02
Maler;Modsching;811;03
Maler;Grießbach;945;03
Maler;Materne;1917;03
Maler;A&O Voichuk;0;03
Maler;Modsching;811;04
Maler;Grießbach;945;04
Maler;Materne;1917;04
Maler;A&O Voichuk;0;04
Maler;Modsching;811;05
Maler;Grießbach;945;05
Maler;Materne;1917;05
Maler;A&O Voichuk;0;05
Maler;Modsching;811;06
Maler;Grießbach;945;06
Maler;Materne;1917;06
Maler;A&O Voichuk;0;06
Maler;Modsching;811;07
Maler;Grießbach;945;07
Maler;Materne;1917;07
Maler;A&O Voichuk;0;07
Maler;Modsching;811;08
Maler;Grießbach;945;08
Maler;Materne;1917;08
Maler;A&O Voichuk;0;08
Maler;Modsching;811;09
Maler;Grießbach;945;09
Maler;Materne;1917;09
Maler;A&O Voichuk;0;09
Maler;Modsching;811;10
Maler;Schmidt;1137,1443;10
Maler;Materne;1917;10
Maler;A&O Voichuk;0;10
Maler;Modsching;811;11
Maler;Schmidt;1137,1443;11
Maler;Materne;1917;11
Maler;A&O Voichuk;0;11
Maler;Modsching;811;12
Maler;Schmidt;1137,1443;12
Maler;Materne;1917;12
Maler;A&O Voichuk;0;12
Maler;Modsching;811;13
Maler;Schmidt;1137,1443;13
Maler;Materne;1917;13
Maler;A&O Voichuk;0;13
Maler;Modsching;811;14
Maler;Schmidt;1137,1443;14
Maler;Materne;1917;14
Maler;A&O Voichuk;0;14
Maler;Modsching;811;15
Maler;Schmidt;1137,1443;15
Maler;Materne;1917;15
Maler;A&O Voichuk;0;15
Maler;Modsching;811;16
Maler;Schmidt;1137,1443;16
Maler;A&O Voichuk;0;16
Maler;Modsching;811;17
Maler;Schmidt;1137,1443;17
Maler;A&O Voichuk;0;17
Maler;Modsching;811;18
Maler;Schmidt;1137,1443;18
Maler;A&O Voichuk;0;18
Maler;Modsching;811;19
Maler;Wiesbauer;1385;19
Maler;Schmidt;1137,1443;19
Maler;A&O Voichuk;0;19
Maler;Wiesbauer;1385;20
Maler;Mecklenburg;1061;20
Maler;Modsching;811;20
Maler;Schmidt;1137,1443;20
Maler;A&O Voichuk;0;20
Maler;Wiesbauer;1385;21
Maler;Mecklenburg;1061;21
Maler;Modsching;811;21
Maler;Schmidt;1137,1443;21
Maler;A&O Voichuk;0;21
Maler;Wiesbauer;1385;22
Maler;Mecklenburg;1061;22
Maler;Modsching;811;22
Maler;A&O Voichuk;0;22
Maler;Wiesbauer;1385;23
Maler;Mecklenburg;1061;23
Maler;Modsching;811;23
Maler;A&O Voichuk;0;23
Maler;Wiesbauer;1385;24
Maler;Mecklenburg;1061;24
Maler;Modsching;811;24
Maler;A&O Voichuk;0;24
Maler;Wiesbauer;1385;25
Maler;Mecklenburg;1061;25
Maler;Modsching;811;25
Maler;A&O Voichuk;0;25
Maler;Wiesbauer;1385;26
Maler;Modsching;811;26
Maler;Aurora;0;26
Maler;A&O Voichuk;0;26
Maler;Wiesbauer;1385;27
Maler;Modsching;811;27
Maler;Aurora;0;27
Maler;A&O Voichuk;0;27
Maler;Wiesbauer;1385;28
Maler;Modsching;811;28
Maler;Aurora;0;28
Maler;A&O Voichuk;0;28
Maler;Wiesbauer;1385;29
Maler;Modsching;811;29
Maler;Schmidt;1137,1443;29
Maler;Aurora;0;29
Maler;A&O Voichuk;0;29
Maler;Wiesbauer;1385;30
Maler;Modsching;811;30
Maler;Schmidt;1137,1443;30
Maler;Aurora;0;30
Maler;A&O Voichuk;0;30
Maler;Wiesbauer;1385;31
Maler;Modsching;811;31
Maler;Schmidt;1137,1443;31
Maler;Aurora;0;31
Maler;A&O Voichuk;0;31
Maler;Wiesbauer;1385;32
Maler;Modsching;811;32
Maler;Aurora;0;32
Maler;A&O Voichuk;0;32
Maler;Wiesbauer;1385;33
Maler;Modsching;811;33
Maler;Aurora;0;33
Maler;A&O Voichuk;0;33
Maler;Modsching;811;34
Maler;Wiesbauer;1385;34
Maler;Materne;1917;34
Maler;Aurora;0;34
Maler;A&O Voichuk;0;34
Maler;Modsching;811;35
Maler;Wiesbauer;1385;35
Maler;Tanriverdi;1979;35
Maler;Aurora;0;35
Maler;A&O Voichuk;0;35
Maler;Modsching;811;36
Maler;Wiesbauer;1385;36
Maler;Materne;1917;36
Maler;Aurora;0;36
Maler;A&O Voichuk;0;36
Maler;Modsching;811;37
Maler;Wiesbauer;1385;37
Maler;Materne;1917;37
Maler;Aurora;0;37
Maler;A&O Voichuk;0;37
Maler;Modsching;811;38
Maler;Wiesbauer;1385;38
Maler;Materne;1917;38
Maler;Schmidt;1137,1443;38
Maler;A&O Voichuk;0;38
Maler;Aurora;0;38
Maler;Modsching;811;39
Maler;Wiesbauer;1385;39
Maler;Materne;1917;39
Maler;Schmidt;1137,1443;39
Maler;A&O Voichuk;0;39
Maler;Aurora;0;39
Maler;Wiesbauer;1385;40
Maler;Modsching;811;40
Maler;Aurora;0;40
Maler;Heidemann;0;40
Maler;A&O Voichuk;0;40
Maler;Schützeberg;0;40
Maler;Wiesbauer;1385;41
Maler;Modsching;811;41
Maler;Aurora;0;41
Maler;Heidemann;0;41
Maler;A&O Voichuk;0;41
Maler;Schützeberg;0;41
Maler;Wiesbauer;1385;42
Maler;Modsching;811;42
Maler;Aurora;0;42
Maler;Heidemann;0;42
Maler;A&O Voichuk;0;42
Maler;Schützeberg;0;42
Maler;Wiesbauer;1385;43
Maler;Modsching;811;43
Maler;Aurora;0;43
Maler;Schützeberg;0;43
Maler;A&O Voichuk;0;43
Maler;Wiesbauer;1385;44
Maler;Modsching;811;44
Maler;Aurora;0;44
Maler;Schützeberg;0;44
Maler;A&O Voichuk;0;44
Maler;Wiesbauer;1385;45
Maler;Modsching;811;45
Maler;Aurora;0;45
Maler;Schützeberg;0;45
Maler;A&O Voichuk;0;45
Maler;Wiesbauer;1385;46
Maler;Modsching;811;46
Maler;Aurora;0;46
Maler;Schützeberg;0;46
Maler;A&O Voichuk;0;46
Maler;Wiesbauer;1385;47
Maler;Modsching;811;47
Maler;Aurora;0;47
Maler;Schützeberg;0;47
Maler;A&O Voichuk;0;47
Maler;Wiesbauer;1385;48
Maler;Modsching;811;48
Maler;Aurora;0;48
Maler;Schützeberg;0;48
Maler;A&O Voichuk;0;48
Maler;Wiesbauer;1385;49
Maler;Modsching;811;49
Maler;Aurora;0;49
Maler;Schützeberg;0;49
Maler;A&O Voichuk;0;49
Maler;Wiesbauer;1385;50
Maler;Modsching;811;50
Maler;Aurora;0;50
Maler;Heidemann;0;50
Maler;A&O Voichuk;0;50
Maler;Schützeberg;0;50
Maler;Wiesbauer;1385;51
Maler;Modsching;811;51
Maler;Aurora;0;51
Maler;Heidemann;0;51
Maler;A&O Voichuk;0;51
Maler;Schützeberg;0;51
Maler;Wiesbauer;1385;52
Maler;Modsching;811;52
Maler;Aurora;0;52
Maler;Heidemann;0;52
Maler;A&O Voichuk;0;52
Maler;Wiesbauer;1385;53
Maler;Modsching;811;53
Maler;Aurora;0;53
Maler;Heidemann;0;53
Maler;A&O Voichuk;0;53
Maler;Wiesbauer;1385;54
Maler;Modsching;811;54
Maler;Aurora;0;54
Maler;A&O Voichuk;0;54
Maler;Wiesbauer;1385;55
Maler;Modsching;811;55
Maler;Aurora;0;55
Maler;Tanriverdi;1979;55
Maler;A&O Voichuk;0;55
Maler;Wiesbauer;1385;56
Maler;Modsching;811;56
Maler;Aurora;0;56
Maler;Heidemann;0;56
Maler;A&O Voichuk;0;56
Maler;Tanriverdi;1979;56
Maler;Wiesbauer;1385;57
Maler;Modsching;811;57
Maler;Aurora;0;57
Maler;Tanriverdi;1979;57
Maler;A&O Voichuk;0;57
Maler;Wiesbauer;1385;58
Maler;Modsching;811;58
Maler;Aurora;0;58
Maler;A&O Voichuk;0;58
Maler;Wiesbauer;1385;59
Maler;Modsching;811;59
Maler;Aurora;0;59
Maler;A&O Voichuk;0;59
Maler;Modsching;811;60
Maler;Wiesbauer;1385;60
Maler;Done;1374;60
Maler;Tanriverdi;1979;60
Maler;A&O Voichuk;0;60
Maler;Modsching;811;61
Maler;Wiesbauer;1385;61
Maler;Done;1374;61
Maler;Tanriverdi;1979;61
Maler;A&O Voichuk;0;61
Maler;Modsching;811;62
Maler;Wiesbauer;1385;62
Maler;Done;1374;62
Maler;Tanriverdi;1979;62
Maler;A&O Voichuk;0;62
Maler;Modsching;811;63
Maler;Done;1374;63
Maler;ARC;1701;63
Maler;Tanriverdi;1979;63
Maler;A&O Voichuk;0;63
Maler;Modsching;811;64
Maler;Wiesbauer;1385;64
Maler;Done;1374;64
Maler;Tanriverdi;1979;64
Maler;A&O Voichuk;0;64
Maler;Modsching;811;65
Maler;Wiesbauer;1385;65
Maler;Done;1374;65
Maler;Tanriverdi;1979;65
Maler;A&O Voichuk;0;65
Maler;Wiesbauer;1385;66
Maler;Modsching;811;66
Maler;A&O Voichuk;0;66
Maler;Modsching;811;67
Maler;Done;1374;67
Maler;A&O Voichuk;0;67
Maler;Modsching;811;68
Maler;Done;1374;68
Maler;KW HomeDesign;0;68
Maler;A&O Voichuk;0;68
Maler;Modsching;811;69
Maler;Done;1374;69
Maler;KW HomeDesign;0;69
Maler;A&O Voichuk;0;69
Maler;Modsching;811;70
Maler;Bobusch;1916;70
Maler;Done;1374;70
Maler;KW HomeDesign;0;70
Maler;A&O Voichuk;0;70
Maler;Modsching;811;71
Maler;Bobusch;1916;71
Maler;Done;1374;71
Maler;KW HomeDesign;0;71
Maler;A&O Voichuk;0;71
Maler;Buhmann;1758;72
Maler;Bobusch;1916;72
Maler;Modsching;811;72
Maler;Done;1374;72
Maler;A&O Voichuk;0;72
Maler;KW HomeDesign;0;72
Maler;Modsching;811;73
Maler;Bobusch;1916;73
Maler;Done;1374;73
Maler;KW HomeDesign;0;73
Maler;A&O Voichuk;0;73
Maler;Modsching;811;74
Maler;Bobusch;1916;74
Maler;Done;1374;74
Maler;KW HomeDesign;0;74
Maler;A&O Voichuk;0;74
Maler;Modsching;811;75
Maler;Bobusch;1916;75
Maler;Done;1374;75
Maler;KW HomeDesign;0;75
Maler;A&O Voichuk;0;75
Maler;Modsching;811;76
Maler;Bobusch;1916;76
Maler;Done;1374;76
Maler;KW HomeDesign;0;76
Maler;A&O Voichuk;0;76
Maler;KW HomeDesign;0;77
Maler;Done;1374;77
Maler;Modsching;811;77
Maler;A&O Voichuk;0;77
Maler;Buhmann;1758;78
Maler;Done;1374;78
Maler;Modsching;811;78
Maler;KW HomeDesign;0;78
Maler;A&O Voichuk;0;78
Maler;KW HomeDesign;0;79
Maler;Done;1374;79
Maler;Modsching;811;79
Maler;A&O Voichuk;0;79
Maler;Done;1374;80
Maler;Modsching;811;80
Maler;KW HomeDesign;0;80
Maler;A&O Voichuk;0;80
Maler;Done;1374;81
Maler;Modsching;811;81
Maler;KW HomeDesign;0;81
Maler;A&O Voichuk;0;81
Maler;Done;1374;82
Maler;Modsching;811;82
Maler;KW HomeDesign;0;82
Maler;A&O Voichuk;0;82
Maler;Done;1374;83
Maler;Modsching;811;83
Maler;KW HomeDesign;0;83
Maler;A&O Voichuk;0;83
Maler;Done;1374;84
Maler;Modsching;811;84
Maler;KW HomeDesign;0;84
Maler;A&O Voichuk;0;84
Maler;Done;1374;85
Maler;Modsching;811;85
Maler;Materne;1917;85
Maler;KW HomeDesign;0;85
Maler;A&O Voichuk;0;85
Maler;Done;1374;86
Maler;Buhmann;1758;86
Maler;Bobusch;1916;86
Maler;Materne;1917;86
Maler;A&O Voichuk;0;86
Maler;KW HomeDesign;0;86
Maler;Done;1374;87
Maler;Buhmann;1758;87
Maler;KW HomeDesign;0;87
Maler;A&O Voichuk;0;87
Maler;Buhmann;1758;88
Maler;Done;1374;88
Maler;Bobusch;1916;88
Maler;KW HomeDesign;0;88
Maler;A&O Voichuk;0;88
Maler;Done;1374;89
Maler;Modsching;811;89
Maler;Buhmann;1758;89
Maler;Bobusch;1916;89
Maler;A&O Voichuk;0;89
Maler;KW HomeDesign;0;89
Maler;Done;1374;90
Maler;Modsching;811;90
Maler;Materne;1917;90
Maler;KW HomeDesign;0;90
Maler;A&O Voichuk;0;90
Maler;Done;1374;91
Maler;Modsching;811;91
Maler;Materne;1917;91
Maler;KW HomeDesign;0;91
Maler;A&O Voichuk;0;91
Maler;Done;1374;92
Maler;Modsching;811;92
Maler;Materne;1917;92
Maler;KW HomeDesign;0;92
Maler;A&O Voichuk;0;92
Maler;Done;1374;93
Maler;Modsching;811;93
Maler;Materne;1917;93
Maler;KW HomeDesign;0;93
Maler;A&O Voichuk;0;93
Maler;Done;1374;94
Maler;Modsching;811;94
Maler;Materne;1917;94
Maler;KW HomeDesign;0;94
Maler;A&O Voichuk;0;94
Maler;Modsching;811;95
Maler;Grießbach;945;95
Maler;Done;1374;95
Maler;Materne;1917;95
Maler;A&O Voichuk;0;95
Maler;Modsching;811;96
Maler;Grießbach;945;96
Maler;Done;1374;96
Maler;Materne;1917;96
Maler;A&O Voichuk;0;96
Maler;Modsching;811;97
Maler;Done;1374;97
Maler;ARC;1701;97
Maler;Materne;1917;97
Maler;A&O Voichuk;0;97
Maler;Modsching;811;98
Maler;Materne;1917;98
Maler;A&O Voichuk;0;98
Maler;Modsching;811;99
Maler;Wiesbauer;1385;99
Maler;Materne;1917;99
Maler;A&O Voichuk;0;99
Maler;Gouvener & Krewer;0;LUX
Maler;A&O Voichuk;0;LUX
Bodenleger;Grießbach;945;01
Bodenleger;Seyfahrt;0;01
Bodenleger;Grießbach;945;02
Bodenleger;Grießbach;945;03
Bodenleger;Scheibe;0;03
Bodenleger;Grießbach;945;04
Bodenleger;Seyfahrt;0;04
Bodenleger;Grießbach;945;05
Bodenleger;Seyfahrt;0;05
Bodenleger;Grießbach;945;06
Bodenleger;Seyfahrt;0;06
Bodenleger;Grießbach;945;07
Bodenleger;Seyfahrt;0;07
Bodenleger;Grießbach;945;08
Bodenleger;Seyfahrt;0;08
Bodenleger;Grießbach;945;09
Bodenleger;Seyfahrt;0;09
Bodenleger;Scheibe;0;10
Bodenleger;Sadler;1129;10
Bodenleger;Scheibe;0;11
Bodenleger;Sadler;1129;11
Bodenleger;Scheibe;0;12
Bodenleger;Sadler;1129;12
Bodenleger;Scheibe;0;13
Bodenleger;Sadler;1129;13
Bodenleger;Scheibe;0;14
Bodenleger;Sadler;1129;14
Bodenleger;Scheibe;0;15
Bodenleger;Sadler;1129;15
Bodenleger;Scheibe;0;16
Bodenleger;Sadler;1129;16
Bodenleger;Molt;1893;17
Bodenleger;Sadler;1129;17
Bodenleger;Molt;1893;18
Bodenleger;Sadler;1129;18
Bodenleger;Molt;1893;19
Bodenleger;Sadler;1129;19
Bodenleger;Molt;1893;20
Bodenleger;Sadler;1129;20
Bodenleger;Molt;1893;21
Bodenleger;Sadler;1129;21
Bodenleger;Molt;1893;22
Bodenleger;Sadler;1129;22
Bodenleger;Molt;1893;23
Bodenleger;Sadler;1129;23
Bodenleger;Molt;1893;24
Bodenleger;Sadler;1129;24
Bodenleger;Molt;1893;25
Bodenleger;Sadler;1129;25
Bodenleger;Sadler;1129;26
Bodenleger;Sadler;1129;27
Bodenleger;Sadler;1129;28
Bodenleger;Sadler;1129;29
Bodenleger;Sadler;1129;30
Bodenleger;Sadler;1129;31
Bodenleger;Sadler;1129;32
Bodenleger;Sadler;1129;33
Bodenleger;Gärtner;1237,99;34
Bodenleger;Sadler;1129;34
Bodenleger;Gärtner;1237,99;35
Bodenleger;Sadler;1129;35
Bodenleger;Gärtner;1237,99;36
Bodenleger;Sadler;1129;36
Bodenleger;Seyfahrt;0;37
Bodenleger;Sadler;1129;37
Bodenleger;Seyfahrt;0;38
Bodenleger;Sadler;1129;38
Bodenleger;Sadler;1129;39
Bodenleger;Sadler;1129;40
Bodenleger;Sadler;1129;41
Bodenleger;Sadler;1129;42
Bodenleger;Sadler;1129;43
Bodenleger;Sadler;1129;44
Bodenleger;Sadler;1129;45
Bodenleger;Sadler;1129;46
Bodenleger;Sadler;1129;47
Bodenleger;Sadler;1129;48
Bodenleger;Sadler;1129;49
Bodenleger;Sadler;1129;50
Bodenleger;Sadler;1129;51
Bodenleger;Sadler;1129;52
Bodenleger;Sadler;1129;53
Bodenleger;Sadler;1129;54
Bodenleger;Gärtner;1237,99;55
Bodenleger;Sadler;1129;55
Bodenleger;Sadler;1129;56
Bodenleger;Gärtner;1237,99;56
Bodenleger;Sadler;1129;57
Bodenleger;Gärtner;1237,99;57
Bodenleger;Sadler;1129;58
Bodenleger;Sadler;1129;59
Bodenleger;Gärtner;1237,99;60
Bodenleger;Sadler;1129;60
Bodenleger;Gärtner;1237,99;61
Bodenleger;Sadler;1129;61
Bodenleger;Gärtner;1237,99;62
Bodenleger;Sadler;1129;62
Bodenleger;Gärtner;1237,99;63
Bodenleger;Sadler;1129;63
Bodenleger;Gärtner;1237,99;64
Bodenleger;Sadler;1129;64
Bodenleger;Gärtner;1237,99;65
Bodenleger;Sadler;1129;65
Bodenleger;Brandt;1447,961;66
Bodenleger;Gärtner;1237,99;66
Bodenleger;Sadler;1129;66
Bodenleger;Brandt;1447,961;67
Bodenleger;Gärtner;1237,99;67
Bodenleger;Sadler;1129;67
Bodenleger;Brandt;1447,961;68
Bodenleger;Gärtner;1237,99;68
Bodenleger;KW HomeDesign;0;68
Bodenleger;Brandt;1447,961;69
Bodenleger;Gärtner;1237,99;69
Bodenleger;KW HomeDesign;0;69
Bodenleger;Brandt;1447,961;70
Bodenleger;Schöck;1500;70
Bodenleger;KW HomeDesign;0;70
Bodenleger;Brandt;1447,961;71
Bodenleger;Schöck;1500;71
Bodenleger;KW HomeDesign;0;71
Bodenleger;Brandt;1447,961;72
Bodenleger;Schöck;1500;72
Bodenleger;KW HomeDesign;0;72
Bodenleger;Brandt;1447,961;73
Bodenleger;Schöck;1500;73
Bodenleger;KW HomeDesign;0;73
Bodenleger;Brandt;1447,961;74
Bodenleger;Gärtner;1237,99;74
Bodenleger;KW HomeDesign;0;74
Bodenleger;Brandt;1447,961;75
Bodenleger;KW HomeDesign;0;75
Bodenleger;Brandt;1447,961;76
Bodenleger;KW HomeDesign;0;76
Bodenleger;Brandt;1447,961;77
Bodenleger;KW HomeDesign;0;77
Bodenleger;Brandt;1447,961;78
Bodenleger;KW HomeDesign;0;78
Bodenleger;Brandt;1447,961;79
Bodenleger;KW HomeDesign;0;79
Bodenleger;Brandt;1447,961;80
Bodenleger;KW HomeDesign;0;80
Bodenleger;Brandt;1447,961;81
Bodenleger;KW HomeDesign;0;81
Bodenleger;Brandt;1447,961;82
Bodenleger;KW HomeDesign;0;82
Bodenleger;Brandt;1447,961;83
Bodenleger;KW HomeDesign;0;83
Bodenleger;Brandt;1447,961;84
Bodenleger;KW HomeDesign;0;84
Bodenleger;Brandt;1447,961;85
Bodenleger;KW HomeDesign;0;85
Bodenleger;Brandt;1447,961;86
Bodenleger;KW HomeDesign;0;86
Bodenleger;Brandt;1447,961;87
Bodenleger;KW HomeDesign;0;87
Bodenleger;Brandt;1447,961;88
Bodenleger;KW HomeDesign;0;88
Bodenleger;Brandt;1447,961;89
Bodenleger;KW HomeDesign;0;89
Bodenleger;Brandt;1447,961;90
Bodenleger;KW HomeDesign;0;90
Bodenleger;Brandt;1447,961;91
Bodenleger;KW HomeDesign;0;91
Bodenleger;Brandt;1447,961;92
Bodenleger;KW HomeDesign;0;92
Bodenleger;Brandt;1447,961;93
Bodenleger;KW HomeDesign;0;93
Bodenleger;Brandt;1447,961;94
Bodenleger;KW HomeDesign;0;94
Bodenleger;Grießbach;945;95
Bodenleger;Seyfahrt;0;95
Bodenleger;Gärtner;1237,99;96
Bodenleger;Grießbach;945;96
Bodenleger;Gärtner;1237,99;97
Bodenleger;Seyfahrt;0;98
Bodenleger;Grießbach;945;98
Bodenleger;Seyfahrt;0;99
Bodenleger;Grießbach;945;99
Bodenleger;Sadler;1129;LUX
H_L_S;Schumann;0;01
H_L_S;Schumann;0;02
H_L_S;Schumann;0;03
H_L_S;Schumann;0;04
H_L_S;Schumann;0;05
H_L_S;Schumann;0;06
H_L_S;Schumann;0;07
H_L_S;Schumann;0;08
H_L_S;Schumann;0;09
H_L_S;Schumann;0;10
H_L_S;Schumann;0;11
H_L_S;Schumann;0;12
H_L_S;Schumann;0;13
H_L_S;Schumann;0;14
H_L_S;Schumann;0;15
H_L_S;Schumann;0;16
H_L_S;Schumann;0;17
H_L_S;Schumann;0;18
H_L_S;Schumann;0;19
H_L_S;Schumann;0;20
H_L_S;Schumann;0;21
H_L_S;Schumann;0;22
H_L_S;Schumann;0;23
H_L_S;Schumann;0;24
H_L_S;Schumann;0;25
H_L_S;Schumann;0;26
H_L_S;Schumann;0;27
H_L_S;Schumann;0;28
H_L_S;Schumann;0;29
H_L_S;Schumann;0;30
H_L_S;Schumann;0;31
H_L_S;Schumann;0;32
H_L_S;Schumann;0;33
H_L_S;Schumann;0;34
H_L_S;Heidelmeier;422;34
H_L_S;Müller;713091;34
H_L_S;Schumann;0;35
H_L_S;Heidelmeier;422;35
H_L_S;Müller;713091;35
H_L_S;Schumann;0;36
H_L_S;Heidelmeier;422;36
H_L_S;Müller;713091;36
H_L_S;Schumann;0;37
H_L_S;Schumann;0;38
H_L_S;Schumann;0;39
H_L_S;Schumann;0;40
H_L_S;Krämer Brull;0;40
H_L_S;Schumann;0;41
H_L_S;Krämer Brull;0;41
H_L_S;Schumann;0;42
H_L_S;Krämer Brull;0;42
H_L_S;Schumann;0;43
H_L_S;Krämer Brull;0;43
H_L_S;Schumann;0;44
H_L_S;Krämer Brull;0;44
H_L_S;Schumann;0;45
H_L_S;Krämer Brull;0;45
H_L_S;Schumann;0;46
H_L_S;Krämer Brull;0;46
H_L_S;Schumann;0;47
H_L_S;Krämer Brull;0;47
H_L_S;Schumann;0;48
H_L_S;Krämer Brull;0;48
H_L_S;Schumann;0;49
H_L_S;Krämer Brull;0;49
H_L_S;Schumann;0;50
H_L_S;Krämer Brull;0;50
H_L_S;Schumann;0;51
H_L_S;Krämer Brull;0;51
H_L_S;Schumann;0;52
H_L_S;Krämer Brull;0;52
H_L_S;Schumann;0;53
H_L_S;Krämer Brull;0;53
H_L_S;Schumann;0;54
H_L_S;Krämer Brull;0;54
H_L_S;Schumann;0;55
H_L_S;Krämer Brull;0;55
H_L_S;Schumann;0;56
H_L_S;Krämer Brull;0;56
H_L_S;Schumann;0;57
H_L_S;Krämer Brull;0;57
H_L_S;Schumann;0;58
H_L_S;Krämer Brull;0;58
H_L_S;Schumann;0;59
H_L_S;Schumann;0;60
H_L_S;Schumann;0;61
H_L_S;Heidelmeier;422;61
H_L_S;Müller;713091;61
H_L_S;Schumann;0;62
H_L_S;Heidelmeier;422;62
H_L_S;Müller;713091;62
H_L_S;Schumann;0;63
H_L_S;Heidelmeier;422;63
H_L_S;Müller;713091;63
H_L_S;Schumann;0;64
H_L_S;Heidelmeier;422;64
H_L_S;Müller;713091;64
H_L_S;Schumann;0;65
H_L_S;Heidelmeier;422;65
H_L_S;Müller;713091;65
H_L_S;Schumann;0;66
H_L_S;Schumann;0;67
H_L_S;Schumann;0;68
H_L_S;Müller;713091;68
H_L_S;Schumann;0;69
H_L_S;Müller;713091;69
H_L_S;Schumann;0;70
H_L_S;Schumann;0;71
H_L_S;Müller;713091;71
H_L_S;Schumann;0;72
H_L_S;Schumann;0;73
H_L_S;Müller;713091;73
H_L_S;Schumann;0;74
H_L_S;Heidelmeier;422;74
H_L_S;Müller;713091;74
H_L_S;Schumann;0;75
H_L_S;Müller;713091;75
H_L_S;Schumann;0;76
H_L_S;Müller;713091;76
H_L_S;Schumann;0;77
H_L_S;Schumann;0;78
H_L_S;Schumann;0;79
H_L_S;Schumann;0;80
H_L_S;Müller;713091;80
H_L_S;Schumann;0;81
H_L_S;Müller;713091;81
H_L_S;Schumann;0;82
H_L_S;Müller;713091;82
H_L_S;Schumann;0;83
H_L_S;Müller;713091;83
H_L_S;Schumann;0;84
H_L_S;Müller;713091;84
H_L_S;Schumann;0;85
H_L_S;Müller;713091;85
H_L_S;Schumann;0;86
H_L_S;Müller;713091;86
H_L_S;Schumann;0;87
H_L_S;Müller;713091;87
H_L_S;Schumann;0;88
H_L_S;Müller;713091;88
H_L_S;Schumann;0;89
H_L_S;Müller;713091;89
H_L_S;Schumann;0;90
H_L_S;Heidelmeier;422;90
H_L_S;Müller;713091;90
H_L_S;Schumann;0;91
H_L_S;Heidelmeier;422;91
H_L_S;Müller;713091;91
H_L_S;Schumann;0;92
H_L_S;Heidelmeier;422;92
H_L_S;Müller;713091;92
H_L_S;Schumann;0;93
H_L_S;Heidelmeier;422;93
H_L_S;Müller;713091;93
H_L_S;Schumann;0;94
H_L_S;Müller;713091;94
H_L_S;Schumann;0;95
H_L_S;Müller;713091;95
H_L_S;Schumann;0;96
H_L_S;Müller;713091;96
H_L_S;Schumann;0;97
H_L_S;Heidelmeier;422;97
H_L_S;Müller;713091;97
H_L_S;Schumann;0;98
H_L_S;Müller;713091;98
H_L_S;Schumann;0;99
H_L_S;Müller;713091;99
H_L_S;Heidelmeier;422;LUX
Sanitär;Schumann;0;01
Sanitär;Schumann;0;02
Sanitär;Schumann;0;03
Sanitär;Schumann;0;04
Sanitär;Schumann;0;05
Sanitär;Schumann;0;06
Sanitär;Schumann;0;07
Sanitär;Schumann;0;08
Sanitär;Schumann;0;09
Sanitär;Schumann;0;10
Sanitär;Schumann;0;11
Sanitär;Schumann;0;12
Sanitär;Schumann;0;13
Sanitär;Schumann;0;14
Sanitär;Schumann;0;15
Sanitär;Schumann;0;16
Sanitär;Schumann;0;17
Sanitär;Schumann;0;18
Sanitär;Schumann;0;19
Sanitär;Schumann;0;20
Sanitär;Schumann;0;21
Sanitär;Schumann;0;22
Sanitär;Schumann;0;23
Sanitär;Schumann;0;24
Sanitär;Schumann;0;25
Sanitär;Schumann;0;26
Sanitär;Schumann;0;27
Sanitär;Schumann;0;28
Sanitär;Schumann;0;29
Sanitär;Schumann;0;30
Sanitär;Schumann;0;31
Sanitär;Schumann;0;32
Sanitär;Schumann;0;33
Sanitär;Schumann;0;34
Sanitär;Heidelmeier;422;34
Sanitär;Müller;713091;34
Sanitär;Schumann;0;35
Sanitär;Heidelmeier;422;35
Sanitär;Müller;713091;35
Sanitär;Schumann;0;36
Sanitär;Heidelmeier;422;36
Sanitär;Müller;713091;36
Sanitär;Schumann;0;37
Sanitär;Schumann;0;38
Sanitär;Schumann;0;39
Sanitär;Schumann;0;40
Sanitär;Krämer Brull;0;40
Sanitär;Schumann;0;41
Sanitär;Krämer Brull;0;41
Sanitär;Schumann;0;42
Sanitär;Krämer Brull;0;42
Sanitär;Schumann;0;43
Sanitär;Krämer Brull;0;43
Sanitär;Schumann;0;44
Sanitär;Krämer Brull;0;44
Sanitär;Schumann;0;45
Sanitär;Krämer Brull;0;45
Sanitär;Schumann;0;46
Sanitär;Krämer Brull;0;46
Sanitär;Schumann;0;47
Sanitär;Krämer Brull;0;47
Sanitär;Schumann;0;48
Sanitär;Krämer Brull;0;48
Sanitär;Schumann;0;49
Sanitär;Krämer Brull;0;49
Sanitär;Schumann;0;50
Sanitär;Krämer Brull;0;50
Sanitär;Schumann;0;51
Sanitär;Krämer Brull;0;51
Sanitär;Schumann;0;52
Sanitär;Krämer Brull;0;52
Sanitär;Schumann;0;53
Sanitär;Krämer Brull;0;53
Sanitär;Schumann;0;54
Sanitär;Krämer Brull;0;54
Sanitär;Schumann;0;55
Sanitär;Krämer Brull;0;55
Sanitär;Schumann;0;56
Sanitär;Krämer Brull;0;56
Sanitär;Schumann;0;57
Sanitär;Krämer Brull;0;57
Sanitär;Schumann;0;58
Sanitär;Krämer Brull;0;58
Sanitär;Schumann;0;59
Sanitär;Schumann;0;60
Sanitär;Schumann;0;61
Sanitär;Heidelmeier;422;61
Sanitär;Müller;713091;61
Sanitär;Schumann;0;62
Sanitär;Heidelmeier;422;62
Sanitär;Müller;713091;62
Sanitär;Schumann;0;63
Sanitär;Heidelmeier;422;63
Sanitär;Müller;713091;63
Sanitär;Schumann;0;64
Sanitär;Heidelmeier;422;64
Sanitär;Müller;713091;64
Sanitär;Schumann;0;65
Sanitär;Heidelmeier;422;65
Sanitär;Müller;713091;65
Sanitär;Schumann;0;66
Sanitär;Schumann;0;67
Sanitär;Schumann;0;68
Sanitär;Müller;713091;68
Sanitär;Schumann;0;69
Sanitär;Müller;713091;69
Sanitär;Schumann;0;70
Sanitär;Schumann;0;71
Sanitär;Müller;713091;71
Sanitär;Schumann;0;72
Sanitär;Schumann;0;73
Sanitär;Müller;713091;73
Sanitär;Schumann;0;74
Sanitär;Heidelmeier;422;74
Sanitär;Müller;713091;74
Sanitär;Schumann;0;75
Sanitär;Müller;713091;75
Sanitär;Schumann;0;76
Sanitär;Müller;713091;76
Sanitär;Schumann;0;77
Sanitär;Schumann;0;78
Sanitär;Schumann;0;79
Sanitär;Schumann;0;80
Sanitär;Müller;713091;80
Sanitär;Schumann;0;81
Sanitär;Müller;713091;81
Sanitär;Schumann;0;82
Sanitär;Müller;713091;82
Sanitär;Schumann;0;83
Sanitär;Müller;713091;83
Sanitär;Schumann;0;84
Sanitär;Müller;713091;84
Sanitär;Schumann;0;85
Sanitär;Müller;713091;85
Sanitär;Schumann;0;86
Sanitär;Müller;713091;86
Sanitär;Schumann;0;87
Sanitär;Müller;713091;87
Sanitär;Schumann;0;88
Sanitär;Müller;713091;88
Sanitär;Schumann;0;89
Sanitär;Müller;713091;89
Sanitär;Schumann;0;90
Sanitär;Heidelmeier;422;90
Sanitär;Müller;713091;90
Sanitär;Schumann;0;91
Sanitär;Heidelmeier;422;91
Sanitär;Müller;713091;91
Sanitär;Schumann;0;92
Sanitär;Heidelmeier;422;92
Sanitär;Müller;713091;92
Sanitär;Schumann;0;93
Sanitär;Heidelmeier;422;93
Sanitär;Müller;713091;93
Sanitär;Schumann;0;94
Sanitär;Müller;713091;94
Sanitär;Schumann;0;95
Sanitär;Müller;713091;95
Sanitär;Schumann;0;96
Sanitär;Müller;713091;96
Sanitär;Schumann;0;97
Sanitär;Heidelmeier;422;97
Sanitär;Müller;713091;97
Sanitär;Schumann;0;98
Sanitär;Müller;713091;98
Sanitär;Schumann;0;99
Sanitär;Müller;713091;99
Sanitär;Heidelmeier;422;LUX
Elektro;Schumann;0;01
Elektro;Beetz;420,422;01
Elektro;Kummer;1431;01
Elektro;Schumann;0;02
Elektro;Beetz;420,422;02
Elektro;Schumann;0;03
Elektro;Beetz;420,422;03
Elektro;Schumann;0;04
Elektro;Beetz;420,422;04
Elektro;Schumann;0;05
Elektro;Beetz;420,422;05
Elektro;Schumann;0;06
Elektro;Beetz;420,422;06
Elektro;Schumann;0;07
Elektro;Beetz;420,422;07
Elektro;Kummer;1431;07
Elektro;Schumann;0;08
Elektro;Beetz;420,422;08
Elektro;Kummer;1431;08
Elektro;Schumann;0;09
Elektro;Beetz;420,422;09
Elektro;Schumann;0;10
Elektro;Stelldinger;1053;10
Elektro;Schumann;0;11
Elektro;Stelldinger;1053;11
Elektro;Schumann;0;12
Elektro;Stelldinger;1053;12
Elektro;Schumann;0;13
Elektro;Stelldinger;1053;13
Elektro;Schumann;0;14
Elektro;Stelldinger;1053;14
Elektro;Schumann;0;15
Elektro;Stelldinger;1053;15
Elektro;Schumann;0;16
Elektro;Stelldinger;1053;16
Elektro;Schumann;0;17
Elektro;Schumann;0;18
Elektro;Schumann;0;19
Elektro;Schumann;0;20
Elektro;Schumann;0;21
Elektro;Schumann;0;22
Elektro;Schumann;0;23
Elektro;Schumann;0;24
Elektro;Schumann;0;25
Elektro;Schumann;0;26
Elektro;Schumann;0;27
Elektro;Schumann;0;28
Elektro;Schumann;0;29
Elektro;Schumann;0;30
Elektro;Schumann;0;31
Elektro;Schumann;0;32
Elektro;Schumann;0;33
Elektro;Schumann;0;34
Elektro;Heidelmeier;422;34
Elektro;Schumann;0;35
Elektro;Heidelmeier;422;35
Elektro;Schumann;0;36
Elektro;Heidelmeier;422;36
Elektro;Schumann;0;37
Elektro;Schumann;0;38
Elektro;Schumann;0;39
Elektro;Schumann;0;40
Elektro;Herzberg;1131;40
Elektro;Schumann;0;41
Elektro;Herzberg;1131;41
Elektro;Schumann;0;42
Elektro;Herzberg;1131;42
Elektro;Schumann;0;43
Elektro;Herzberg;1131;43
Elektro;Schumann;0;44
Elektro;Herzberg;1131;44
Elektro;Schumann;0;45
Elektro;Herzberg;1131;45
Elektro;Schumann;0;46
Elektro;Herzberg;1131;46
Elektro;Schumann;0;47
Elektro;Herzberg;1131;47
Elektro;Schumann;0;48
Elektro;Herzberg;1131;48
Elektro;Schumann;0;49
Elektro;Herzberg;1131;49
Elektro;Schumann;0;50
Elektro;Schumann;0;51
Elektro;Schumann;0;52
Elektro;Schumann;0;53
Elektro;Schumann;0;54
Elektro;Schumann;0;55
Elektro;Schumann;0;56
Elektro;Schumann;0;57
Elektro;Schumann;0;58
Elektro;Schumann;0;59
Elektro;Schumann;0;60
Elektro;Schumann;0;61
Elektro;Heidelmeier;422;61
Elektro;Schumann;0;62
Elektro;Heidelmeier;422;62
Elektro;Schumann;0;63
Elektro;Heidelmeier;422;63
Elektro;Schumann;0;64
Elektro;Heidelmeier;422;64
Elektro;Schumann;0;65
Elektro;Heidelmeier;422;65
Elektro;Schumann;0;66
Elektro;Schumann;0;67
Elektro;Schumann;0;68
Elektro;Schumann;0;69
Elektro;Rapp;1251;70
Elektro;Schumann;0;70
Elektro;Rapp;1251;71
Elektro;Schumann;0;71
Elektro;Rapp;1251;72
Elektro;Schumann;0;72
Elektro;Rapp;1251;73
Elektro;Schumann;0;73
Elektro;Rapp;1251;74
Elektro;Schumann;0;74
Elektro;Heidelmeier;422;74
Elektro;Rapp;1251;75
Elektro;Schumann;0;75
Elektro;Rapp;1251;76
Elektro;Schumann;0;76
Elektro;Rapp;1251;77
Elektro;Schumann;0;77
Elektro;Rapp;1251;78
Elektro;Schumann;0;78
Elektro;Rapp;1251;79
Elektro;Schumann;0;79
Elektro;Rapp;1251;80
Elektro;Schumann;0;80
Elektro;Rapp;1251;81
Elektro;Schumann;0;81
Elektro;Rapp;1251;82
Elektro;Schumann;0;82
Elektro;Rapp;1251;83
Elektro;Schumann;0;83
Elektro;Rapp;1251;84
Elektro;Schumann;0;84
Elektro;Rapp;1251;85
Elektro;Schumann;0;85
Elektro;Rapp;1251;86
Elektro;Schumann;0;86
Elektro;Heidelmeier;422;86
Elektro;Rapp;1251;87
Elektro;Schumann;0;87
Elektro;Rapp;1251;88
Elektro;Schumann;0;88
Elektro;Rapp;1251;89
Elektro;Schumann;0;89
Elektro;Rapp;1251;90
Elektro;Schumann;0;90
Elektro;Heidelmeier;422;90
Elektro;Rapp;1251;91
Elektro;Schumann;0;91
Elektro;Heidelmeier;422;91
Elektro;Rapp;1251;92
Elektro;Schumann;0;92
Elektro;Heidelmeier;422;92
Elektro;Rapp;1251;93
Elektro;Schumann;0;93
Elektro;Heidelmeier;422;93
Elektro;Rapp;1251;94
Elektro;Schumann;0;94
Elektro;Rapp;1251;95
Elektro;Schumann;0;95
Elektro;Rapp;1251;96
Elektro;Schumann;0;96
Elektro;Rapp;1251;97
Elektro;Schumann;0;97
Elektro;Heidelmeier;422;97
Elektro;Schumann;0;98
Elektro;Schumann;0;99
Elektro;Heidelmeier;422;LUX
Estrich CAF;Estrich Projekt;1854;01
Estrich CAF;Estrich Projekt;1854;02
Estrich CAF;Estrich Projekt;1854;03
Estrich CAF;Estrich Projekt;1854;04
Estrich CAF;Estrich Projekt;1854;05
Estrich CAF;Estrich Projekt;1854;06
Estrich CAF;Estrich Projekt;1854;07
Estrich CAF;Estrich Projekt;1854;08
Estrich CAF;Estrich Projekt;1854;09
Estrich CAF;Estrich Projekt;1854;10
Estrich CAF;Estrich Projekt;1854;11
Estrich CAF;Estrich Projekt;1854;12
Estrich CAF;Estrich Projekt;1854;13
Estrich CAF;Estrich Projekt;1854;14
Estrich CAF;Estrich Projekt;1854;15
Estrich CAF;Estrich Projekt;1854;16
Estrich CAF;Molt;1893;17
Estrich CAF;Molt;1893;18
Estrich CAF;Molt;1893;19
Estrich CAF;Jäger;1650;20
Estrich CAF;Molt;1893;20
Estrich CAF;Reiss und Schröder;0;21
Estrich CAF;Molt;1893;21
Estrich CAF;Jäger;1650;22
Estrich CAF;Molt;1893;22
Estrich CAF;Jäger;1650;23
Estrich CAF;Molt;1893;23
Estrich CAF;Jäger;1650;24
Estrich CAF;Molt;1893;24
Estrich CAF;Jäger;1650;25
Estrich CAF;Molt;1893;25
Estrich CAF;Derksen;1823;26
Estrich CAF;Derksen;1823;27
Estrich CAF;Derksen;1823;28
Estrich CAF;Derksen;1823;29
Estrich CAF;Reiss und Schröder;0;29
Estrich CAF;Derksen;1823;30
Estrich CAF;Derksen;1823;31
Estrich CAF;Derksen;1823;32
Estrich CAF;Derksen;1823;33
Estrich CAF;ES.RO;1033;34
Estrich CAF;Derksen;1823;34
Estrich CAF;ES.RO;1033;35
Estrich CAF;Rendler;1824;35
Estrich CAF;ES.RO;1033;36
Estrich CAF;ES.RO;1033;37
Estrich CAF;Kuchmann;1749;37
Estrich CAF;Kuchmann;1749;38
Estrich CAF;Derksen;1823;38
Estrich CAF;Derksen;1823;39
Estrich CAF;Rendler;1824;40
Estrich CAF;Rendler;1824;41
Estrich CAF;Rendler;1824;42
Estrich CAF;Rendler;1824;43
Estrich CAF;Rendler;1824;44
Estrich CAF;Rendler;1824;45
Estrich CAF;Rendler;1824;46
Estrich CAF;Rendler;1824;47
Estrich CAF;Rendler;1824;48
Estrich CAF;Rendler;1824;49
Estrich CAF;Profi EB;0;50
Estrich CAF;Rendler;1824;50
Estrich CAF;Profi EB;0;51
Estrich CAF;Rendler;1824;51
Estrich CAF;Profi EB;0;52
Estrich CAF;Rendler;1824;52
Estrich CAF;Profi EB;0;53
Estrich CAF;Rendler;1824;53
Estrich CAF;Profi EB;0;54
Estrich CAF;Rendler;1824;54
Estrich CAF;Profi EB;0;55
Estrich CAF;ES.RO;1033;55
Estrich CAF;Rendler;1824;55
Estrich CAF;Profi EB;0;56
Estrich CAF;ES.RO;1033;56
Estrich CAF;Rendler;1824;56
Estrich CAF;Profi EB;0;57
Estrich CAF;ES.RO;1033;57
Estrich CAF;Rendler;1824;57
Estrich CAF;Profi EB;0;58
Estrich CAF;Profi EB;0;59
Estrich CAF;ES.RO;1033;60
Estrich CAF;Profi EB;0;60
Estrich CAF;ES.RO;1033;61
Estrich CAF;Profi EB;0;61
Estrich CAF;ES.RO;1033;62
Estrich CAF;Profi EB;0;62
Estrich CAF;ES.RO;1033;63
Estrich CAF;Profi EB;0;63
Estrich CAF;ES.RO;1033;64
Estrich CAF;Profi EB;0;64
Estrich CAF;ES.RO;1033;65
Estrich CAF;Profi EB;0;65
Estrich CAF;Profi EB;0;66
Estrich CAF;ES.RO;1033;66
Estrich CAF;Profi EB;0;67
Estrich CAF;ES.RO;1033;67
Estrich CAF;ES.RO;1033;68
Estrich CAF;ES.RO;1033;69
Estrich CAF;ES.RO;1033;70
Estrich CAF;Profi EB;0;70
Estrich CAF;ES.RO;1033;71
Estrich CAF;Profi EB;0;71
Estrich CAF;ES.RO;1033;72
Estrich CAF;ES.RO;1033;73
Estrich CAF;ES.RO;1033;74
Estrich CAF;Profi EB;0;74
Estrich CAF;ES.RO;1033;75
Estrich CAF;Profi EB;0;75
Estrich CAF;ES.RO;1033;76
Estrich CAF;Profi EB;0;76
Estrich CAF;ES.RO;1033;77
Estrich CAF;ES.RO;1033;78
Estrich CAF;ES.RO;1033;79
Estrich CAF;Böhmisch;1641;80
Estrich CAF;ES.RO;1033;80
Estrich CAF;Böhmisch;1641;81
Estrich CAF;ES.RO;1033;81
Estrich CAF;Böhmisch;1641;82
Estrich CAF;ES.RO;1033;82
Estrich CAF;Böhmisch;1641;83
Estrich CAF;ES.RO;1033;83
Estrich CAF;Böhmisch;1641;84
Estrich CAF;ES.RO;1033;84
Estrich CAF;Böhmisch;1641;85
Estrich CAF;ES.RO;1033;85
Estrich CAF;Böhmisch;1641;86
Estrich CAF;ES.RO;1033;86
Estrich CAF;ES.RO;1033;87
Estrich CAF;ES.RO;1033;88
Estrich CAF;ES.RO;1033;89
Estrich CAF;Böhmisch;1641;90
Estrich CAF;ES.RO;1033;90
Estrich CAF;Böhmisch;1641;91
Estrich CAF;ES.RO;1033;91
Estrich CAF;Böhmisch;1641;92
Estrich CAF;ES.RO;1033;92
Estrich CAF;Böhmisch;1641;93
Estrich CAF;ES.RO;1033;93
Estrich CAF;Böhmisch;1641;94
Estrich CAF;ES.RO;1033;94
Estrich CAF;ES.RO;1033;95
Estrich CAF;ES.RO;1033;96
Estrich CAF;ES.RO;1033;97
Estrich CAF;ES.RO;1033;98
Estrich CAF;ES.RO;1033;99
Estrich CAF;Profi EB;0;LUX
Estrich CAF;Steinbrecher;954;01
Estrich CAF;ARC;1701;01
Estrich CAF;A&O Voichuk GbR;0;01
Estrich CAF;BY;73;01
Estrich CAF;Alpha;1952;01
Estrich CAF;Materne;1917;01
Estrich CAF;Steinbrecher;954;02
Estrich CAF;ARC;1701;02
Estrich CAF;A&O Voichuk GbR;0;02
Estrich CAF;BY;73;02
Estrich CAF;Alpha;1952;02
Estrich CAF;Materne;1917;02
Estrich CAF;Steinbrecher;954;03
Estrich CAF;ARC;1701;03
Estrich CAF;A&O Voichuk GbR;0;03
Estrich CAF;BY;73;03
Estrich CAF;Alpha;1952;03
Estrich CAF;Materne;1917;03
Estrich CAF;Steinbrecher;954;04
Estrich CAF;ARC;1701;04
Estrich CAF;A&O Voichuk GbR;0;04
Estrich CAF;BY;73;04
Estrich CAF;Alpha;1952;04
Estrich CAF;Materne;1917;04
Estrich CAF;Steinbrecher;954;05
Estrich CAF;ARC;1701;05
Estrich CAF;A&O Voichuk GbR;0;05
Estrich CAF;BY;73;05
Estrich CAF;Alpha;1952;05
Estrich CAF;Materne;1917;05
Estrich CAF;Steinbrecher;954;06
Estrich CAF;ARC;1701;06
Estrich CAF;A&O Voichuk GbR;0;06
Estrich CAF;BY;73;06
Estrich CAF;Alpha;1952;06
Estrich CAF;Materne;1917;06
Estrich CAF;Steinbrecher;954;07
Estrich CAF;ARC;1701;07
Estrich CAF;A&O Voichuk GbR;0;07
Estrich CAF;BY;73;07
Estrich CAF;Alpha;1952;07
Estrich CAF;Materne;1917;07
Estrich CAF;Steinbrecher;954;08
Estrich CAF;ARC;1701;08
Estrich CAF;A&O Voichuk GbR;0;08
Estrich CAF;BY;73;08
Estrich CAF;Alpha;1952;08
Estrich CAF;Materne;1917;08
Estrich CAF;Steinbrecher;954;09
Estrich CAF;ARC;1701;09
Estrich CAF;A&O Voichuk GbR;0;09
Estrich CAF;BY;73;09
Estrich CAF;Alpha;1952;09
Estrich CAF;Materne;1917;09
Estrich CAF;Nettelbeck;1317;10
Estrich CAF;Steinbrecher;954;10
Estrich CAF;ARC;1701;10
Estrich CAF;A&O Voichuk GbR;0;10
Estrich CAF;BY;73;10
Estrich CAF;Alpha;1952;10
Estrich CAF;Materne;1917;10
Estrich CAF;Nettelbeck;1317;11
Estrich CAF;Steinbrecher;954;11
Estrich CAF;ARC;1701;11
Estrich CAF;A&O Voichuk GbR;0;11
Estrich CAF;BY;73;11
Estrich CAF;Alpha;1952;11
Estrich CAF;Materne;1917;11
Estrich CAF;Nettelbeck;1317;12
Estrich CAF;Steinbrecher;954;12
Estrich CAF;ARC;1701;12
Estrich CAF;A&O Voichuk GbR;0;12
Estrich CAF;BY;73;12
Estrich CAF;Alpha;1952;12
Estrich CAF;Materne;1917;12
Estrich CAF;Nettelbeck;1317;13
Estrich CAF;Steinbrecher;954;13
Estrich CAF;ARC;1701;13
Estrich CAF;A&O Voichuk GbR;0;13
Estrich CAF;BY;73;13
Estrich CAF;Alpha;1952;13
Estrich CAF;Materne;1917;13
Estrich CAF;Nettelbeck;1317;14
Estrich CAF;Steinbrecher;954;14
Estrich CAF;ARC;1701;14
Estrich CAF;A&O Voichuk GbR;0;14
Estrich CAF;BY;73;14
Estrich CAF;Alpha;1952;14
Estrich CAF;Materne;1917;14
Estrich CAF;Nettelbeck;1317;15
Estrich CAF;Steinbrecher;954;15
Estrich CAF;ARC;1701;15
Estrich CAF;A&O Voichuk GbR;0;15
Estrich CAF;BY;73;15
Estrich CAF;Alpha;1952;15
Estrich CAF;Materne;1917;15
Estrich CAF;Nettelbeck;1317;16
Estrich CAF;Steinbrecher;954;16
Estrich CAF;ARC;1701;16
Estrich CAF;A&O Voichuk GbR;0;16
Estrich CAF;BY;73;16
Estrich CAF;Alpha;1952;16
Estrich CAF;Steinbrecher;954;17
Estrich CAF;ARC;1701;17
Estrich CAF;A&O Voichuk GbR;0;17
Estrich CAF;BY;73;17
Estrich CAF;Alpha;1952;17
Estrich CAF;Steinbrecher;954;18
Estrich CAF;ARC;1701;18
Estrich CAF;A&O Voichuk GbR;0;18
Estrich CAF;BY;73;18
Estrich CAF;Alpha;1952;18
Estrich CAF;Steinbrecher;954;19
Estrich CAF;ARC;1701;19
Estrich CAF;A&O Voichuk GbR;0;19
Estrich CAF;BY;73;19
Estrich CAF;Alpha;1952;19
Estrich CAF;Steinbrecher;954;20
Estrich CAF;ARC;1701;20
Estrich CAF;A&O Voichuk GbR;0;20
Estrich CAF;BY;73;20
Estrich CAF;Alpha;1952;20
Estrich CAF;Steinbrecher;954;21
Estrich CAF;ARC;1701;21
Estrich CAF;A&O Voichuk GbR;0;21
Estrich CAF;BY;73;21
Estrich CAF;Alpha;1952;21
Estrich CAF;Steinbrecher;954;22
Estrich CAF;ARC;1701;22
Estrich CAF;A&O Voichuk GbR;0;22
Estrich CAF;BY;73;22
Estrich CAF;Alpha;1952;22
Estrich CAF;Steinbrecher;954;23
Estrich CAF;ARC;1701;23
Estrich CAF;A&O Voichuk GbR;0;23
Estrich CAF;BY;73;23
Estrich CAF;Alpha;1952;23
Estrich CAF;Steinbrecher;954;24
Estrich CAF;ARC;1701;24
Estrich CAF;A&O Voichuk GbR;0;24
Estrich CAF;BY;73;24
Estrich CAF;Alpha;1952;24
Estrich CAF;Steinbrecher;954;25
Estrich CAF;ARC;1701;25
Estrich CAF;A&O Voichuk GbR;0;25
Estrich CAF;BY;73;25
Estrich CAF;Alpha;1952;25
Estrich CAF;Steinbrecher;954;26
Estrich CAF;ARC;1701;26
Estrich CAF;A&O Voichuk GbR;0;26
Estrich CAF;BY;73;26
Estrich CAF;Alpha;1952;26
Estrich CAF;Steinbrecher;954;27
Estrich CAF;ARC;1701;27
Estrich CAF;A&O Voichuk GbR;0;27
Estrich CAF;BY;73;27
Estrich CAF;Alpha;1952;27
Estrich CAF;Steinbrecher;954;28
Estrich CAF;ARC;1701;28
Estrich CAF;A&O Voichuk GbR;0;28
Estrich CAF;BY;73;28
Estrich CAF;Alpha;1952;28
Estrich CAF;Steinbrecher;954;29
Estrich CAF;ARC;1701;29
Estrich CAF;A&O Voichuk GbR;0;29
Estrich CAF;BY;73;29
Estrich CAF;Alpha;1952;29
Estrich CAF;Steinbrecher;954;30
Estrich CAF;ARC;1701;30
Estrich CAF;A&O Voichuk GbR;0;30
Estrich CAF;BY;73;30
Estrich CAF;Alpha;1952;30
Estrich CAF;Steinbrecher;954;31
Estrich CAF;ARC;1701;31
Estrich CAF;A&O Voichuk GbR;0;31
Estrich CAF;BY;73;31
Estrich CAF;Alpha;1952;31
Estrich CAF;Steinbrecher;954;32
Estrich CAF;ARC;1701;32
Estrich CAF;A&O Voichuk GbR;0;32
Estrich CAF;BY;73;32
Estrich CAF;Alpha;1952;32
Estrich CAF;Steinbrecher;954;33
Estrich CAF;ARC;1701;33
Estrich CAF;A&O Voichuk GbR;0;33
Estrich CAF;BY;73;33
Estrich CAF;Alpha;1952;33
Estrich CAF;Steinbrecher;954;34
Estrich CAF;ARC;1701;34
Estrich CAF;A&O Voichuk GbR;0;34
Estrich CAF;BY;73;34
Estrich CAF;Alpha;1952;34
Estrich CAF;Materne;1917;34
Estrich CAF;Steinbrecher;954;35
Estrich CAF;ARC;1701;35
Estrich CAF;A&O Voichuk GbR;0;35
Estrich CAF;BY;73;35
Estrich CAF;Alpha;1952;35
Estrich CAF;Steinbrecher;954;36
Estrich CAF;ARC;1701;36
Estrich CAF;A&O Voichuk GbR;0;36
Estrich CAF;BY;73;36
Estrich CAF;Alpha;1952;36
Estrich CAF;Steinbrecher;954;37
Estrich CAF;ARC;1701;37
Estrich CAF;A&O Voichuk GbR;0;37
Estrich CAF;BY;73;37
Estrich CAF;Alpha;1952;37
Estrich CAF;Materne;1917;37
Estrich CAF;Steinbrecher;954;38
Estrich CAF;ARC;1701;38
Estrich CAF;A&O Voichuk GbR;0;38
Estrich CAF;BY;73;38
Estrich CAF;Alpha;1952;38
Estrich CAF;Materne;1917;38
Estrich CAF;Steinbrecher;954;39
Estrich CAF;ARC;1701;39
Estrich CAF;A&O Voichuk GbR;0;39
Estrich CAF;BY;73;39
Estrich CAF;Alpha;1952;39
Estrich CAF;Materne;1917;39
Estrich CAF;Steinbrecher;954;40
Estrich CAF;ARC;1701;40
Estrich CAF;A&O Voichuk GbR;0;40
Estrich CAF;BY;73;40
Estrich CAF;Alpha;1952;40
Estrich CAF;Steinbrecher;954;41
Estrich CAF;ARC;1701;41
Estrich CAF;A&O Voichuk GbR;0;41
Estrich CAF;BY;73;41
Estrich CAF;Alpha;1952;41
Estrich CAF;Steinbrecher;954;42
Estrich CAF;ARC;1701;42
Estrich CAF;A&O Voichuk GbR;0;42
Estrich CAF;BY;73;42
Estrich CAF;Alpha;1952;42
Estrich CAF;Steinbrecher;954;43
Estrich CAF;ARC;1701;43
Estrich CAF;A&O Voichuk GbR;0;43
Estrich CAF;BY;73;43
Estrich CAF;Alpha;1952;43
Estrich CAF;Steinbrecher;954;44
Estrich CAF;ARC;1701;44
Estrich CAF;A&O Voichuk GbR;0;44
Estrich CAF;BY;73;44
Estrich CAF;Alpha;1952;44
Estrich CAF;Steinbrecher;954;45
Estrich CAF;ARC;1701;45
Estrich CAF;A&O Voichuk GbR;0;45
Estrich CAF;BY;73;45
Estrich CAF;Alpha;1952;45
Estrich CAF;Steinbrecher;954;46
Estrich CAF;ARC;1701;46
Estrich CAF;A&O Voichuk GbR;0;46
Estrich CAF;BY;73;46
Estrich CAF;Alpha;1952;46
Estrich CAF;Steinbrecher;954;47
Estrich CAF;ARC;1701;47
Estrich CAF;A&O Voichuk GbR;0;47
Estrich CAF;BY;73;47
Estrich CAF;Alpha;1952;47
Estrich CAF;Steinbrecher;954;48
Estrich CAF;ARC;1701;48
Estrich CAF;A&O Voichuk GbR;0;48
Estrich CAF;BY;73;48
Estrich CAF;Alpha;1952;48
Estrich CAF;Steinbrecher;954;49
Estrich CAF;ARC;1701;49
Estrich CAF;A&O Voichuk GbR;0;49
Estrich CAF;BY;73;49
Estrich CAF;Alpha;1952;49
Estrich CAF;Steinbrecher;954;50
Estrich CAF;ARC;1701;50
Estrich CAF;A&O Voichuk GbR;0;50
Estrich CAF;BY;73;50
Estrich CAF;Alpha;1952;50
Estrich CAF;Steinbrecher;954;51
Estrich CAF;ARC;1701;51
Estrich CAF;A&O Voichuk GbR;0;51
Estrich CAF;BY;73;51
Estrich CAF;Alpha;1952;51
Estrich CAF;Steinbrecher;954;52
Estrich CAF;ARC;1701;52
Estrich CAF;A&O Voichuk GbR;0;52
Estrich CAF;BY;73;52
Estrich CAF;Alpha;1952;52
Estrich CAF;Steinbrecher;954;53
Estrich CAF;ARC;1701;53
Estrich CAF;A&O Voichuk GbR;0;53
Estrich CAF;BY;73;53
Estrich CAF;Alpha;1952;53
Estrich CAF;Steinbrecher;954;54
Estrich CAF;ARC;1701;54
Estrich CAF;A&O Voichuk GbR;0;54
Estrich CAF;BY;73;54
Estrich CAF;Alpha;1952;54
Estrich CAF;Steinbrecher;954;55
Estrich CAF;ARC;1701;55
Estrich CAF;A&O Voichuk GbR;0;55
Estrich CAF;BY;73;55
Estrich CAF;Alpha;1952;55
Estrich CAF;Steinbrecher;954;56
Estrich CAF;ARC;1701;56
Estrich CAF;A&O Voichuk GbR;0;56
Estrich CAF;BY;73;56
Estrich CAF;Alpha;1952;56
Estrich CAF;Steinbrecher;954;57
Estrich CAF;ARC;1701;57
Estrich CAF;A&O Voichuk GbR;0;57
Estrich CAF;BY;73;57
Estrich CAF;Alpha;1952;57
Estrich CAF;Steinbrecher;954;58
Estrich CAF;ARC;1701;58
Estrich CAF;A&O Voichuk GbR;0;58
Estrich CAF;BY;73;58
Estrich CAF;Alpha;1952;58
Estrich CAF;Steinbrecher;954;59
Estrich CAF;ARC;1701;59
Estrich CAF;A&O Voichuk GbR;0;59
Estrich CAF;BY;73;59
Estrich CAF;Alpha;1952;59
Estrich CAF;Steinbrecher;954;60
Estrich CAF;ARC;1701;60
Estrich CAF;A&O Voichuk GbR;0;60
Estrich CAF;BY;73;60
Estrich CAF;Alpha;1952;60
Estrich CAF;Steinbrecher;954;61
Estrich CAF;ARC;1701;61
Estrich CAF;A&O Voichuk GbR;0;61
Estrich CAF;BY;73;61
Estrich CAF;Alpha;1952;61
Estrich CAF;Steinbrecher;954;62
Estrich CAF;ARC;1701;62
Estrich CAF;A&O Voichuk GbR;0;62
Estrich CAF;BY;73;62
Estrich CAF;Alpha;1952;62
Estrich CAF;Steinbrecher;954;63
Estrich CAF;ARC;1701;63
Estrich CAF;A&O Voichuk GbR;0;63
Estrich CAF;BY;73;63
Estrich CAF;Alpha;1952;63
Estrich CAF;Steinbrecher;954;64
Estrich CAF;ARC;1701;64
Estrich CAF;A&O Voichuk GbR;0;64
Estrich CAF;BY;73;64
Estrich CAF;Alpha;1952;64
Estrich CAF;Steinbrecher;954;65
Estrich CAF;ARC;1701;65
Estrich CAF;A&O Voichuk GbR;0;65
Estrich CAF;BY;73;65
Estrich CAF;Alpha;1952;65
Estrich CAF;Steinbrecher;954;66
Estrich CAF;ARC;1701;66
Estrich CAF;A&O Voichuk GbR;0;66
Estrich CAF;BY;73;66
Estrich CAF;Alpha;1952;66
Estrich CAF;Steinbrecher;954;67
Estrich CAF;ARC;1701;67
Estrich CAF;A&O Voichuk GbR;0;67
Estrich CAF;BY;73;67
Estrich CAF;Alpha;1952;67
Estrich CAF;Steinbrecher;954;68
Estrich CAF;ARC;1701;68
Estrich CAF;A&O Voichuk GbR;0;68
Estrich CAF;BY;73;68
Estrich CAF;Alpha;1952;68
Estrich CAF;Steinbrecher;954;69
Estrich CAF;ARC;1701;69
Estrich CAF;A&O Voichuk GbR;0;69
Estrich CAF;BY;73;69
Estrich CAF;Alpha;1952;69
Estrich CAF;KW HomeDesign;0;69
Estrich CAF;Steinbrecher;954;70
Estrich CAF;ARC;1701;70
Estrich CAF;A&O Voichuk GbR;0;70
Estrich CAF;BY;73;70
Estrich CAF;Alpha;1952;70
Estrich CAF;KW HomeDesign;0;70
Estrich CAF;Steinbrecher;954;71
Estrich CAF;ARC;1701;71
Estrich CAF;A&O Voichuk GbR;0;71
Estrich CAF;BY;73;71
Estrich CAF;Alpha;1952;71
Estrich CAF;KW HomeDesign;0;71
Estrich CAF;Steinbrecher;954;72
Estrich CAF;ARC;1701;72
Estrich CAF;Buhmann;1758;72
Estrich CAF;A&O Voichuk GbR;0;72
Estrich CAF;BY;73;72
Estrich CAF;Alpha;1952;72
Estrich CAF;KW HomeDesign;0;72
Estrich CAF;Steinbrecher;954;73
Estrich CAF;ARC;1701;73
Estrich CAF;A&O Voichuk GbR;0;73
Estrich CAF;BY;73;73
Estrich CAF;Alpha;1952;73
Estrich CAF;Done;1374;73
Estrich CAF;KW HomeDesign;0;73
Estrich CAF;Steinbrecher;954;74
Estrich CAF;ARC;1701;74
Estrich CAF;A&O Voichuk GbR;0;74
Estrich CAF;BY;73;74
Estrich CAF;Alpha;1952;74
Estrich CAF;Done;1374;74
Estrich CAF;KW HomeDesign;0;74
Estrich CAF;Steinbrecher;954;75
Estrich CAF;ARC;1701;75
Estrich CAF;A&O Voichuk GbR;0;75
Estrich CAF;BY;73;75
Estrich CAF;Alpha;1952;75
Estrich CAF;KW HomeDesign;0;75
Estrich CAF;Steinbrecher;954;76
Estrich CAF;ARC;1701;76
Estrich CAF;A&O Voichuk GbR;0;76
Estrich CAF;BY;73;76
Estrich CAF;Alpha;1952;76
Estrich CAF;KW HomeDesign;0;76
Estrich CAF;Steinbrecher;954;77
Estrich CAF;ARC;1701;77
Estrich CAF;A&O Voichuk GbR;0;77
Estrich CAF;BY;73;77
Estrich CAF;Alpha;1952;77
Estrich CAF;KW HomeDesign;0;77
Estrich CAF;Steinbrecher;954;78
Estrich CAF;ARC;1701;78
Estrich CAF;Buhmann;1758;78
Estrich CAF;A&O Voichuk GbR;0;78
Estrich CAF;BY;73;78
Estrich CAF;Alpha;1952;78
Estrich CAF;KW HomeDesign;0;78
Estrich CAF;Steinbrecher;954;79
Estrich CAF;ARC;1701;79
Estrich CAF;A&O Voichuk GbR;0;79
Estrich CAF;BY;73;79
Estrich CAF;Alpha;1952;79
Estrich CAF;KW HomeDesign;0;79
Estrich CAF;Steinbrecher;954;80
Estrich CAF;ARC;1701;80
Estrich CAF;A&O Voichuk GbR;0;80
Estrich CAF;BY;73;80
Estrich CAF;Alpha;1952;80
Estrich CAF;Done;1374;80
Estrich CAF;KW HomeDesign;0;80
Estrich CAF;Steinbrecher;954;81
Estrich CAF;ARC;1701;81
Estrich CAF;A&O Voichuk GbR;0;81
Estrich CAF;BY;73;81
Estrich CAF;Alpha;1952;81
Estrich CAF;Done;1374;81
Estrich CAF;KW HomeDesign;0;81
Estrich CAF;Steinbrecher;954;82
Estrich CAF;ARC;1701;82
Estrich CAF;A&O Voichuk GbR;0;82
Estrich CAF;BY;73;82
Estrich CAF;Alpha;1952;82
Estrich CAF;Done;1374;82
Estrich CAF;KW HomeDesign;0;82
Estrich CAF;Steinbrecher;954;83
Estrich CAF;ARC;1701;83
Estrich CAF;A&O Voichuk GbR;0;83
Estrich CAF;BY;73;83
Estrich CAF;Alpha;1952;83
Estrich CAF;Done;1374;83
Estrich CAF;KW HomeDesign;0;83
Estrich CAF;Steinbrecher;954;84
Estrich CAF;ARC;1701;84
Estrich CAF;A&O Voichuk GbR;0;84
Estrich CAF;BY;73;84
Estrich CAF;Alpha;1952;84
Estrich CAF;Done;1374;84
Estrich CAF;KW HomeDesign;0;84
Estrich CAF;Steinbrecher;954;85
Estrich CAF;ARC;1701;85
Estrich CAF;A&O Voichuk GbR;0;85
Estrich CAF;Materne;1917;85
Estrich CAF;BY;73;85
Estrich CAF;Alpha;1952;85
Estrich CAF;Done;1374;85
Estrich CAF;KW HomeDesign;0;85
Estrich CAF;Steinbrecher;954;86
Estrich CAF;ARC;1701;86
Estrich CAF;Buhmann;1758;86
Estrich CAF;A&O Voichuk GbR;0;86
Estrich CAF;Materne;1917;86
Estrich CAF;BY;73;86
Estrich CAF;Alpha;1952;86
Estrich CAF;Done;1374;86
Estrich CAF;KW HomeDesign;0;86
Estrich CAF;Steinbrecher;954;87
Estrich CAF;ARC;1701;87
Estrich CAF;Buhmann;1758;87
Estrich CAF;A&O Voichuk GbR;0;87
Estrich CAF;Materne;1917;87
Estrich CAF;BY;73;87
Estrich CAF;Alpha;1952;87
Estrich CAF;Done;1374;87
Estrich CAF;KW HomeDesign;0;87
Estrich CAF;Steinbrecher;954;88
Estrich CAF;ARC;1701;88
Estrich CAF;Buhmann;1758;88
Estrich CAF;A&O Voichuk GbR;0;88
Estrich CAF;Materne;1917;88
Estrich CAF;BY;73;88
Estrich CAF;Alpha;1952;88
Estrich CAF;Done;1374;88
Estrich CAF;KW HomeDesign;0;88
Estrich CAF;Steinbrecher;954;89
Estrich CAF;ARC;1701;89
Estrich CAF;Buhmann;1758;89
Estrich CAF;A&O Voichuk GbR;0;89
Estrich CAF;Materne;1917;89
Estrich CAF;BY;73;89
Estrich CAF;Alpha;1952;89
Estrich CAF;Done;1374;89
Estrich CAF;KW HomeDesign;0;89
Estrich CAF;Steinbrecher;954;90
Estrich CAF;ARC;1701;90
Estrich CAF;A&O Voichuk GbR;0;90
Estrich CAF;Materne;1917;90
Estrich CAF;BY;73;90
Estrich CAF;Alpha;1952;90
Estrich CAF;Done;1374;90
Estrich CAF;KW HomeDesign;0;90
Estrich CAF;Steinbrecher;954;91
Estrich CAF;ARC;1701;91
Estrich CAF;A&O Voichuk GbR;0;91
Estrich CAF;Materne;1917;91
Estrich CAF;BY;73;91
Estrich CAF;Alpha;1952;91
Estrich CAF;Done;1374;91
Estrich CAF;KW HomeDesign;0;91
Estrich CAF;Steinbrecher;954;92
Estrich CAF;ARC;1701;92
Estrich CAF;A&O Voichuk GbR;0;92
Estrich CAF;Materne;1917;92
Estrich CAF;BY;73;92
Estrich CAF;Alpha;1952;92
Estrich CAF;Done;1374;92
Estrich CAF;KW HomeDesign;0;92
Estrich CAF;Steinbrecher;954;93
Estrich CAF;ARC;1701;93
Estrich CAF;A&O Voichuk GbR;0;93
Estrich CAF;Materne;1917;93
Estrich CAF;BY;73;93
Estrich CAF;Alpha;1952;93
Estrich CAF;Done;1374;93
Estrich CAF;KW HomeDesign;0;93
Estrich CAF;Steinbrecher;954;94
Estrich CAF;ARC;1701;94
Estrich CAF;A&O Voichuk GbR;0;94
Estrich CAF;Materne;1917;94
Estrich CAF;BY;73;94
Estrich CAF;Alpha;1952;94
Estrich CAF;Done;1374;94
Estrich CAF;KW HomeDesign;0;94
Estrich CAF;Steinbrecher;954;95
Estrich CAF;ARC;1701;95
Estrich CAF;A&O Voichuk GbR;0;95
Estrich CAF;Materne;1917;95
Estrich CAF;BY;73;95
Estrich CAF;Alpha;1952;95
Estrich CAF;Done;1374;95
Estrich CAF;KW HomeDesign;0;95
Estrich CAF;Steinbrecher;954;96
Estrich CAF;ARC;1701;96
Estrich CAF;A&O Voichuk GbR;0;96
Estrich CAF;Materne;1917;96
Estrich CAF;BY;73;96
Estrich CAF;Alpha;1952;96
Estrich CAF;Done;1374;96
Estrich CAF;KW HomeDesign;0;96
Estrich CAF;Steinbrecher;954;97
Estrich CAF;ARC;1701;97
Estrich CAF;A&O Voichuk GbR;0;97
Estrich CAF;Materne;1917;97
Estrich CAF;BY;73;97
Estrich CAF;Alpha;1952;97
Estrich CAF;Done;1374;97
Estrich CAF;KW HomeDesign;0;97
Estrich CAF;Steinbrecher;954;98
Estrich CAF;ARC;1701;98
Estrich CAF;A&O Voichuk GbR;0;98
Estrich CAF;Materne;1917;98
Estrich CAF;BY;73;98
Estrich CAF;Alpha;1952;98
Estrich CAF;KW HomeDesign;0;98
Estrich CAF;Steinbrecher;954;99
Estrich CAF;ARC;1701;99
Estrich CAF;A&O Voichuk GbR;0;99
Estrich CAF;Materne;1917;99
Estrich CAF;BY;73;99
Estrich CAF;Alpha;1952;99
Estrich CAF;KW HomeDesign;0;99
Estrich CAF;Gouverner & Krewer;0;LUX
Estrich CAF;A&O Voichuk GbR;0;LUX
Estrich CAF;Alpha;1952;LUX
Außenputz;Hasani;978;01
Außenputz;Hasani;978;02
Außenputz;Hasani;978;03
Außenputz;Hasani;978;04
Außenputz;Hasani;978;05
Außenputz;Hasani;978;06
Außenputz;Hasani;978;07
Außenputz;Hasani;978;08
Außenputz;Hasani;978;09
Außenputz;Hasani;978;10
Außenputz;Hasani;978;11
Außenputz;Hasani;978;12
Außenputz;Hasani;978;13
Außenputz;Hasani;978;14
Außenputz;Hasani;978;15
Außenputz;Hasani;978;16
Außenputz;Hasani;978;17
Außenputz;Hasani;978;18
Außenputz;Hasani;978;19
Außenputz;Hasani;978;20
Außenputz;Hasani;978;21
Außenputz;Hasani;978;22
Außenputz;Hasani;978;23
Außenputz;Hasani;978;24
Außenputz;Hasani;978;25
Außenputz;Hasani;978;26
Außenputz;Hasani;978;27
Außenputz;Hasani;978;28
Außenputz;Hasani;978;29
Außenputz;Hasani;978;30
Außenputz;Hasani;978;31
Außenputz;Hasani;978;32
Außenputz;Hepp;502;33
Außenputz;Hepp;502;34
Außenputz;Hepp;502;35
Außenputz;Hepp;502;36
Außenputz;Hasani;978;37
Außenputz;Hasani;978;38
Außenputz;Hasani;978;39
Außenputz;Hepp;502;40
Außenputz;Hepp;502;41
Außenputz;Hepp;502;42
Außenputz;Hepp;502;43
Außenputz;Hepp;502;44
Außenputz;Hepp;502;45
Außenputz;Hepp;502;46
Außenputz;Hepp;502;47
Außenputz;Hepp;502;48
Außenputz;Hepp;502;49
Außenputz;Hepp;502;50
Außenputz;Hepp;502;51
Außenputz;Hepp;502;52
Außenputz;Hepp;502;53
Außenputz;AZ-Bau;1398;54
Außenputz;AZ-Bau;1398;55
Außenputz;Hepp;502;56
Außenputz;Hepp;502;57
Außenputz;Hepp;502;58
Außenputz;Hepp;502;59
Außenputz;AZ-Bau;1398;60
Außenputz;AZ-Bau;1398;61
Außenputz;AZ-Bau;1398;62
Außenputz;AZ-Bau;1398;63
Außenputz;AZ-Bau;1398;64
Außenputz;AZ-Bau;1398;65
Außenputz;AZ-Bau;1398;66
Außenputz;AZ-Bau;1398;67
Außenputz;AZ-Bau;1398;68
Außenputz;AZ-Bau;1398;69
Außenputz;AZ-Bau;1398;70
Außenputz;AZ-Bau;1398;71
Außenputz;AZ-Bau;1398;72
Außenputz;AZ-Bau;1398;73
Außenputz;AZ-Bau;1398;74
Außenputz;AZ-Bau;1398;75
Außenputz;AZ-Bau;1398;76
Außenputz;AZ-Bau;1398;77
Außenputz;AZ-Bau;1398;78
Außenputz;AZ-Bau;1398;79
Außenputz;AZ-Bau;1398;80
Außenputz;AZ-Bau;1398;81
Außenputz;AZ-Bau;1398;82
Außenputz;AZ-Bau;1398;83
Außenputz;AZ-Bau;1398;84
Außenputz;AZ-Bau;1398;85
Außenputz;AZ-Bau;1398;86
Außenputz;AZ-Bau;1398;87
Außenputz;AZ-Bau;1398;88
Außenputz;AZ-Bau;1398;89
Außenputz;AZ-Bau;1398;90
Außenputz;AZ-Bau;1398;91
Außenputz;AZ-Bau;1398;92
Außenputz;AZ-Bau;1398;93
Außenputz;AZ-Bau;1398;94
Außenputz;AZ-Bau;1398;95
Außenputz;AZ-Bau;1398;96
Außenputz;AZ-Bau;1398;97
Außenputz;Hasani;978;98
Außenputz;Hasani;978;99
Außenputz;AZ-Bau;1398;LUX
Estrich CT;AtheTherm;112;01
Estrich CT;AtheTherm;112;02
Estrich CT;AtheTherm;112;03
Estrich CT;AtheTherm;112;04
Estrich CT;AtheTherm;112;05
Estrich CT;AtheTherm;112;06
Estrich CT;AtheTherm;112;07
Estrich CT;AtheTherm;112;08
Estrich CT;AtheTherm;112;09
Estrich CT;AtheTherm;112;10
Estrich CT;AtheTherm;112;11
Estrich CT;AtheTherm;112;12
Estrich CT;AtheTherm;112;13
Estrich CT;AtheTherm;112;14
Estrich CT;AtheTherm;112;15
Estrich CT;AtheTherm;112;16
Estrich CT;AtheTherm;112;17
Estrich CT;AtheTherm;112;18
Estrich CT;AtheTherm;112;19
Estrich CT;AtheTherm;112;20
Estrich CT;Molt;1893;20
Estrich CT;AtheTherm;112;21
Estrich CT;Molt;1893;21
Estrich CT;AtheTherm;112;22
Estrich CT;Molt;1893;22
Estrich CT;AtheTherm;112;23
Estrich CT;Molt;1893;23
Estrich CT;AtheTherm;112;24
Estrich CT;Molt;1893;24
Estrich CT;AtheTherm;112;25
Estrich CT;Molt;1893;25
Estrich CT;AtheTherm;112;26
Estrich CT;AtheTherm;112;27
Estrich CT;AtheTherm;112;28
Estrich CT;AtheTherm;112;29
Estrich CT;AtheTherm;112;30
Estrich CT;AtheTherm;112;31
Estrich CT;AtheTherm;112;32
Estrich CT;AtheTherm;112;33
Estrich CT;AtheTherm;112;34
Estrich CT;ES.RO;1033;34
Estrich CT;K&A;1643;35
Estrich CT;AtheTherm;112;35
Estrich CT;ES.RO;1033;35
Estrich CT;AtheTherm;112;36
Estrich CT;ES.RO;1033;36
Estrich CT;AtheTherm;112;37
Estrich CT;AtheTherm;112;38
Estrich CT;AtheTherm;112;39
Estrich CT;AtheTherm;112;40
Estrich CT;AtheTherm;112;41
Estrich CT;AtheTherm;112;42
Estrich CT;AtheTherm;112;43
Estrich CT;AtheTherm;112;44
Estrich CT;AtheTherm;112;45
Estrich CT;AtheTherm;112;46
Estrich CT;AtheTherm;112;47
Estrich CT;AtheTherm;112;48
Estrich CT;AtheTherm;112;49
Estrich CT;K&A;1643;50
Estrich CT;K&A;1643;51
Estrich CT;K&A;1643;52
Estrich CT;K&A;1643;53
Estrich CT;K&A;1643;54
Estrich CT;ES.RO;1033;55
Estrich CT;K&A;1643;55
Estrich CT;ES.RO;1033;56
Estrich CT;K&A;1643;56
Estrich CT;ES.RO;1033;57
Estrich CT;K&A;1643;57
Estrich CT;AtheTherm;112;58
Estrich CT;K&A;1643;58
Estrich CT;AtheTherm;112;59
Estrich CT;K&A;1643;59
Estrich CT;ES.RO;1033;60
Estrich CT;K&A;1643;60
Estrich CT;ES.RO;1033;61
Estrich CT;K&A;1643;61
Estrich CT;ES.RO;1033;62
Estrich CT;K&A;1643;62
Estrich CT;ES.RO;1033;63
Estrich CT;K&A;1643;63
Estrich CT;ES.RO;1033;64
Estrich CT;K&A;1643;64
Estrich CT;ES.RO;1033;65
Estrich CT;K&A;1643;65
Estrich CT;ES.RO;1033;66
Estrich CT;K&A;1643;66
Estrich CT;ES.RO;1033;67
Estrich CT;K&A;1643;67
Estrich CT;ES.RO;1033;68
Estrich CT;K&A;1643;68
Estrich CT;ES.RO;1033;69
Estrich CT;K&A;1643;69
Estrich CT;Karadag;1651;69
Estrich CT;K&A;1643;70
Estrich CT;Karadag;1651;70
Estrich CT;K&A;1643;71
Estrich CT;Karadag;1651;71
Estrich CT;K&A;1643;72
Estrich CT;Karadag;1651;72
Estrich CT;K&A;1643;73
Estrich CT;Karadag;1651;73
Estrich CT;K&A;1643;74
Estrich CT;Karadag;1651;74
Estrich CT;K&A;1643;75
Estrich CT;Karadag;1651;75
Estrich CT;K&A;1643;76
Estrich CT;Karadag;1651;76
Estrich CT;K&A;1643;77
Estrich CT;Karadag;1651;77
Estrich CT;K&A;1643;78
Estrich CT;Karadag;1651;78
Estrich CT;K&A;1643;79
Estrich CT;Karadag;1651;79
Estrich CT;K&A;1643;80
Estrich CT;K&A;1643;81
Estrich CT;K&A;1643;82
Estrich CT;K&A;1643;83
Estrich CT;K&A;1643;84
Estrich CT;K&A;1643;85
Estrich CT;K&A;1643;86
Estrich CT;K&A;1643;87
Estrich CT;K&A;1643;88
Estrich CT;K&A;1643;89
Estrich CT;K&A;1643;90
Estrich CT;K&A;1643;91
Estrich CT;K&A;1643;92
Estrich CT;K&A;1643;93
Estrich CT;K&A;1643;94
Estrich CT;K&A;1643;95
Estrich CT;K&A;1643;96
Estrich CT;K&A;1643;97
Estrich CT;ES.RO;1033;97
Estrich CT;K&A;1643;98
Estrich CT;ES.RO;1033;98
Estrich CT;AtheTherm;112;99
Estrich CT;Profi EB;0;LUX
Endmontage;Messerschmidt;911;01
Endmontage;Messerschmidt;911;02
Endmontage;Messerschmidt;911;03
Endmontage;Messerschmidt;911;04
Endmontage;Messerschmidt;911;05
Endmontage;Messerschmidt;911;06
Endmontage;Messerschmidt;911;07
Endmontage;Messerschmidt;911;08
Endmontage;Messerschmidt;911;09
Endmontage;Messerschmidt;911;10
Endmontage;Messerschmidt;911;11
Endmontage;Messerschmidt;911;12
Endmontage;Messerschmidt;911;13
Endmontage;Messerschmidt;911;14
Endmontage;Messerschmidt;911;15
Endmontage;Messerschmidt;911;16
Endmontage;Messerschmidt;911;17
Endmontage;Messerschmidt;911;18
Endmontage;Messerschmidt;911;19
Endmontage;Messerschmidt;911;20
Endmontage;Messerschmidt;911;21
Endmontage;Messerschmidt;911;22
Endmontage;Messerschmidt;911;23
Endmontage;Messerschmidt;911;24
Endmontage;Messerschmidt;911;25
Endmontage;Messerschmidt;911;26
Endmontage;Messerschmidt;911;27
Endmontage;Messerschmidt;911;28
Endmontage;Messerschmidt;911;29
Endmontage;Messerschmidt;911;30
Endmontage;Messerschmidt;911;31
Endmontage;Messerschmidt;911;32
Endmontage;Messerschmidt;911;33
Endmontage;Messerschmidt;911;34
Endmontage;Heidrich;1614;35
Endmontage;Heidrich;1614;36
Endmontage;Messerschmidt;911;37
Endmontage;Messerschmidt;911;38
Endmontage;Messerschmidt;911;39
Endmontage;Messerschmidt;911;40
Endmontage;Messerschmidt;911;41
Endmontage;Messerschmidt;911;42
Endmontage;Messerschmidt;911;43
Endmontage;Messerschmidt;911;44
Endmontage;Messerschmidt;911;45
Endmontage;Messerschmidt;911;46
Endmontage;Messerschmidt;911;47
Endmontage;Messerschmidt;911;48
Endmontage;Messerschmidt;911;49
Endmontage;Heidrich;1614;50
Endmontage;Heidrich;1614;51
Endmontage;Heidrich;1614;52
Endmontage;Heidrich;1614;53
Endmontage;Heidrich;1614;54
Endmontage;Heidrich;1614;55
Endmontage;Heidrich;1614;56
Endmontage;Heidrich;1614;57
Endmontage;Messerschmidt;911;58
Endmontage;Messerschmidt;911;59
Endmontage;Heidrich;1614;60
Endmontage;Heidrich;1614;61
Endmontage;Heidrich;1614;62
Endmontage;Heidrich;1614;63
Endmontage;Heidrich;1614;64
Endmontage;Heidrich;1614;65
Endmontage;Heidrich;1614;66
Endmontage;Heidrich;1614;67
Endmontage;Heidrich;1614;68
Endmontage;Heidrich;1614;69
Endmontage;Heidelmeier;422;70
Endmontage;Heidelmeier;422;71
Endmontage;Heidelmeier;422;72
Endmontage;Heidelmeier;422;73
Endmontage;Heidrich;1614;74
Endmontage;Heidrich;1614;75
Endmontage;Heidrich;1614;76
Endmontage;Heidelmeier;422;77
Endmontage;Heidelmeier;422;78
Endmontage;Heidelmeier;422;79
Endmontage;Heidelmeier;422;80
Endmontage;Heidelmeier;422;81
Endmontage;Heidelmeier;422;82
Endmontage;Heidelmeier;422;83
Endmontage;Heidelmeier;422;84
Endmontage;Heidelmeier;422;85
Endmontage;Heidelmeier;422;86
Endmontage;Heidelmeier;422;87
Endmontage;Heidelmeier;422;88
Endmontage;Heidelmeier;422;89
Endmontage;Heidelmeier;422;90
Endmontage;Heidelmeier;422;91
Endmontage;Heidelmeier;422;92
Endmontage;Heidelmeier;422;93
Endmontage;Heidelmeier;422;94
Endmontage;Heidelmeier;422;95
Endmontage;Heidelmeier;422;96
Endmontage;Heidelmeier;422;97
Endmontage;Messerschmidt;911;98
Endmontage;Messerschmidt;911;99
Endmontage;Heidelmeier;422;LUX
Finisher;Hentschel;1821,1845;01
Finisher;Salow;1051;01
Finisher;Schmidt;1137,1443;01
Finisher;Rasche;1848;01
Finisher;Porath;1898;01
Finisher;Schwanke;0;01
Finisher;Unger;1923;01
Finisher;Hentschel;1821,1845;02
Finisher;Salow;1051;02
Finisher;Schmidt;1137,1443;02
Finisher;Rasche;1848;02
Finisher;Porath;1898;02
Finisher;Schwanke;0;02
Finisher;Unger;1923;02
Finisher;Hentschel;1821,1845;03
Finisher;Salow;1051;03
Finisher;Schmidt;1137,1443;03
Finisher;Rasche;1848;03
Finisher;Porath;1898;03
Finisher;Schwanke;0;03
Finisher;Unger;1923;03
Finisher;Hentschel;1821,1845;04
Finisher;Salow;1051;04
Finisher;Schmidt;1137,1443;04
Finisher;Rasche;1848;04
Finisher;Porath;1898;04
Finisher;Objekteinr. Kirchner;0;04
Finisher;Schwanke;0;04
Finisher;Unger;1923;04
Finisher;Hentschel;1821,1845;05
Finisher;Salow;1051;05
Finisher;Schmidt;1137,1443;05
Finisher;Rasche;1848;05
Finisher;Porath;1898;05
Finisher;Schwanke;0;05
Finisher;Unger;1923;05
Finisher;Hentschel;1821,1845;06
Finisher;Salow;1051;06
Finisher;Schmidt;1137,1443;06
Finisher;Rasche;1848;06
Finisher;Porath;1898;06
Finisher;Objekteinr. Kirchner;0;06
Finisher;Schwanke;0;06
Finisher;Unger;1923;06
Finisher;Hentschel;1821,1845;07
Finisher;Salow;1051;07
Finisher;Schmidt;1137,1443;07
Finisher;Rasche;1848;07
Finisher;Porath;1898;07
Finisher;Objekteinr. Kirchner;0;07
Finisher;Schwanke;0;07
Finisher;Unger;1923;07
Finisher;Hentschel;1821,1845;08
Finisher;Salow;1051;08
Finisher;Schmidt;1137,1443;08
Finisher;Rasche;1848;08
Finisher;Porath;1898;08
Finisher;Objekteinr. Kirchner;0;08
Finisher;Schwanke;0;08
Finisher;Unger;1923;08
Finisher;Hentschel;1821,1845;09
Finisher;Salow;1051;09
Finisher;Schmidt;1137,1443;09
Finisher;Rasche;1848;09
Finisher;Porath;1898;09
Finisher;Objekteinr. Kirchner;0;09
Finisher;Schwanke;0;09
Finisher;Unger;1923;09
Finisher;Porath;1898;10
Finisher;Salow;1051;10
Finisher;Schmidt;1137,1443;10
Finisher;Rasche;1848;10
Finisher;Hentschel;1821,1845;10
Finisher;Porath;1898;11
Finisher;Salow;1051;11
Finisher;Schmidt;1137,1443;11
Finisher;Rasche;1848;11
Finisher;Hentschel;1821,1845;11
Finisher;Porath;1898;12
Finisher;Salow;1051;12
Finisher;Schmidt;1137,1443;12
Finisher;Rasche;1848;12
Finisher;Hentschel;1821,1845;12
Finisher;Porath;1898;13
Finisher;Salow;1051;13
Finisher;Schmidt;1137,1443;13
Finisher;Rasche;1848;13
Finisher;Hentschel;1821,1845;13
Finisher;Porath;1898;14
Finisher;Salow;1051;14
Finisher;Schmidt;1137,1443;14
Finisher;Rasche;1848;14
Finisher;Hentschel;1821,1845;14
Finisher;Objekteinr. Kirchner;0;14
Finisher;Porath;1898;15
Finisher;Salow;1051;15
Finisher;Schmidt;1137,1443;15
Finisher;Rasche;1848;15
Finisher;Hentschel;1821,1845;15
Finisher;Porath;1898;16
Finisher;Salow;1051;16
Finisher;Schmidt;1137,1443;16
Finisher;Rasche;1848;16
Finisher;Hentschel;1821,1845;16
Finisher;Porath;1898;17
Finisher;Salow;1051;17
Finisher;Schmidt;1137,1443;17
Finisher;Rasche;1848;17
Finisher;Hentschel;1821,1845;17
Finisher;Porath;1898;18
Finisher;Salow;1051;18
Finisher;Schmidt;1137,1443;18
Finisher;Rasche;1848;18
Finisher;Hentschel;1821,1845;18
Finisher;Porath;1898;19
Finisher;Salow;1051;19
Finisher;Schmidt;1137,1443;19
Finisher;Rasche;1848;19
Finisher;Hentschel;1821,1845;19
Finisher;Schmidt;1137,1443;20
Finisher;Salow;1051;20
Finisher;Harald Kirchner;0;20
Finisher;Rasche;1848;20
Finisher;Porath;1898;20
Finisher;Schmidt;1137,1443;21
Finisher;Salow;1051;21
Finisher;Harald Kirchner;0;21
Finisher;Rasche;1848;21
Finisher;Porath;1898;21
Finisher;Objekteinr. Kirchner;0;21
Finisher;Schmidt;1137,1443;22
Finisher;Salow;1051;22
Finisher;Harald Kirchner;0;22
Finisher;Rasche;1848;22
Finisher;Porath;1898;22
Finisher;Schmidt;1137,1443;23
Finisher;Salow;1051;23
Finisher;Harald Kirchner;0;23
Finisher;Rasche;1848;23
Finisher;Porath;1898;23
Finisher;Schmidt;1137,1443;24
Finisher;Salow;1051;24
Finisher;Harald Kirchner;0;24
Finisher;Rasche;1848;24
Finisher;Porath;1898;24
Finisher;Schmidt;1137,1443;25
Finisher;Salow;1051;25
Finisher;Harald Kirchner;0;25
Finisher;Rasche;1848;25
Finisher;Porath;1898;25
Finisher;Schmidt;1137,1443;26
Finisher;Salow;1051;26
Finisher;Harald Kirchner;0;26
Finisher;Rasche;1848;26
Finisher;Porath;1898;26
Finisher;Schmidt;1137,1443;27
Finisher;Salow;1051;27
Finisher;Harald Kirchner;0;27
Finisher;Rasche;1848;27
Finisher;Porath;1898;27
Finisher;Objekteinr. Kirchner;0;27
Finisher;Schmidt;1137,1443;28
Finisher;Salow;1051;28
Finisher;Harald Kirchner;0;28
Finisher;Rasche;1848;28
Finisher;Porath;1898;28
Finisher;Objekteinr. Kirchner;0;28
Finisher;Schmidt;1137,1443;29
Finisher;Salow;1051;29
Finisher;Harald Kirchner;0;29
Finisher;Rasche;1848;29
Finisher;Porath;1898;29
Finisher;Objekteinr. Kirchner;0;29
Finisher;Salow;1051;30
Finisher;Harald Kirchner;0;30
Finisher;Schmidt;1137,1443;30
Finisher;Rasche;1848;30
Finisher;Porath;1898;30
Finisher;Objekteinr. Kirchner;0;30
Finisher;Salow;1051;31
Finisher;Harald Kirchner;0;31
Finisher;Schmidt;1137,1443;31
Finisher;Rasche;1848;31
Finisher;Porath;1898;31
Finisher;Objekteinr. Kirchner;0;31
Finisher;Salow;1051;32
Finisher;Harald Kirchner;0;32
Finisher;Schmidt;1137,1443;32
Finisher;Rasche;1848;32
Finisher;Porath;1898;32
Finisher;Objekteinr. Kirchner;0;32
Finisher;Salow;1051;33
Finisher;Harald Kirchner;0;33
Finisher;Schmidt;1137,1443;33
Finisher;Rasche;1848;33
Finisher;Porath;1898;33
Finisher;Objekteinr. Kirchner;0;33
Finisher;Objekteinr. Kirchner;0;34
Finisher;Salow;1051;34
Finisher;Schmidt;1137,1443;34
Finisher;Rasche;1848;34
Finisher;Porath;1898;34
Finisher;Objekteinr. Kirchner;0;35
Finisher;Salow;1051;35
Finisher;Schmidt;1137,1443;35
Finisher;Rasche;1848;35
Finisher;Porath;1898;35
Finisher;Objekteinr. Kirchner;0;36
Finisher;Salow;1051;36
Finisher;Schmidt;1137,1443;36
Finisher;Rasche;1848;36
Finisher;Porath;1898;36
Finisher;Objekteinr. Kirchner;0;37
Finisher;Salow;1051;37
Finisher;Schmidt;1137,1443;37
Finisher;Rasche;1848;37
Finisher;Porath;1898;37
Finisher;Salow;1051;38
Finisher;Harald Kirchner;0;38
Finisher;Schmidt;1137,1443;38
Finisher;Rasche;1848;38
Finisher;Porath;1898;38
Finisher;Objekteinr. Kirchner;0;38
Finisher;Salow;1051;39
Finisher;Harald Kirchner;0;39
Finisher;Schmidt;1137,1443;39
Finisher;Rasche;1848;39
Finisher;Porath;1898;39
Finisher;Objekteinr. Kirchner;0;39
Finisher;Salow;1051;40
Finisher;Harald Kirchner;0;40
Finisher;Schmidt;1137,1443;40
Finisher;Rasche;1848;40
Finisher;Porath;1898;40
Finisher;Salow;1051;41
Finisher;Harald Kirchner;0;41
Finisher;Schmidt;1137,1443;41
Finisher;Rasche;1848;41
Finisher;Porath;1898;41
Finisher;Salow;1051;42
Finisher;Harald Kirchner;0;42
Finisher;Schmidt;1137,1443;42
Finisher;Rasche;1848;42
Finisher;Porath;1898;42
Finisher;Salow;1051;43
Finisher;Harald Kirchner;0;43
Finisher;Schmidt;1137,1443;43
Finisher;Rasche;1848;43
Finisher;Porath;1898;43
Finisher;Salow;1051;44
Finisher;Harald Kirchner;0;44
Finisher;Schmidt;1137,1443;44
Finisher;Rasche;1848;44
Finisher;Porath;1898;44
Finisher;Objekteinr. Kirchner;0;44
Finisher;Salow;1051;45
Finisher;Harald Kirchner;0;45
Finisher;Schmidt;1137,1443;45
Finisher;Rasche;1848;45
Finisher;Porath;1898;45
Finisher;Salow;1051;46
Finisher;Harald Kirchner;0;46
Finisher;Schmidt;1137,1443;46
Finisher;Rasche;1848;46
Finisher;Porath;1898;46
Finisher;Salow;1051;47
Finisher;Harald Kirchner;0;47
Finisher;Schmidt;1137,1443;47
Finisher;Rasche;1848;47
Finisher;Porath;1898;47
Finisher;Salow;1051;48
Finisher;Harald Kirchner;0;48
Finisher;Schmidt;1137,1443;48
Finisher;Rasche;1848;48
Finisher;Porath;1898;48
Finisher;Objekteinr. Kirchner;0;48
Finisher;Salow;1051;49
Finisher;Harald Kirchner;0;49
Finisher;Schmidt;1137,1443;49
Finisher;Rasche;1848;49
Finisher;Porath;1898;49
Finisher;Objekteinr. Kirchner;0;49
Finisher;Salow;1051;50
Finisher;Harald Kirchner;0;50
Finisher;Schmidt;1137,1443;50
Finisher;Hentschel;1821,1845;50
Finisher;Porath;1898;50
Finisher;Salow;1051;51
Finisher;Harald Kirchner;0;51
Finisher;Schmidt;1137,1443;51
Finisher;Hentschel;1821,1845;51
Finisher;Porath;1898;51
Finisher;Objekteinr. Kirchner;0;51
Finisher;Salow;1051;52
Finisher;Harald Kirchner;0;52
Finisher;Schmidt;1137,1443;52
Finisher;Hentschel;1821,1845;52
Finisher;Porath;1898;52
Finisher;Salow;1051;53
Finisher;Harald Kirchner;0;53
Finisher;Schmidt;1137,1443;53
Finisher;Hentschel;1821,1845;53
Finisher;Porath;1898;53
Finisher;Salow;1051;54
Finisher;Harald Kirchner;0;54
Finisher;Schmidt;1137,1443;54
Finisher;Hentschel;1821,1845;54
Finisher;Porath;1898;54
Finisher;Salow;1051;55
Finisher;Harald Kirchner;0;55
Finisher;Schmidt;1137,1443;55
Finisher;Hentschel;1821,1845;55
Finisher;Porath;1898;55
Finisher;Salow;1051;56
Finisher;Harald Kirchner;0;56
Finisher;Schmidt;1137,1443;56
Finisher;Hentschel;1821,1845;56
Finisher;Porath;1898;56
Finisher;Objekteinr. Kirchner;0;56
Finisher;Salow;1051;57
Finisher;Harald Kirchner;0;57
Finisher;Schmidt;1137,1443;57
Finisher;Hentschel;1821,1845;57
Finisher;Porath;1898;57
Finisher;Objekteinr. Kirchner;0;57
Finisher;Salow;1051;58
Finisher;Harald Kirchner;0;58
Finisher;Schmidt;1137,1443;58
Finisher;Hentschel;1821,1845;58
Finisher;Porath;1898;58
Finisher;Objekteinr. Kirchner;0;58
Finisher;Salow;1051;59
Finisher;Harald Kirchner;0;59
Finisher;Schmidt;1137,1443;59
Finisher;Hentschel;1821,1845;59
Finisher;Porath;1898;59
Finisher;Objekteinr. Kirchner;0;59
Finisher;Harald Kirchner;0;60
Finisher;Hentschel;1821,1845;60
Finisher;Salow;1051;60
Finisher;Schmidt;1137,1443;60
Finisher;Porath;1898;60
Finisher;Williams;1899;60
Finisher;Objekteinr. Kirchner;0;60
Finisher;Harald Kirchner;0;61
Finisher;Hentschel;1821,1845;61
Finisher;Salow;1051;61
Finisher;Schmidt;1137,1443;61
Finisher;Porath;1898;61
Finisher;Williams;1899;61
Finisher;Objekteinr. Kirchner;0;61
Finisher;Harald Kirchner;0;62
Finisher;Hentschel;1821,1845;62
Finisher;Salow;1051;62
Finisher;Schmidt;1137,1443;62
Finisher;Porath;1898;62
Finisher;Williams;1899;62
Finisher;Harald Kirchner;0;63
Finisher;Hentschel;1821,1845;63
Finisher;Salow;1051;63
Finisher;Schmidt;1137,1443;63
Finisher;Porath;1898;63
Finisher;Williams;1899;63
Finisher;Objekteinr. Kirchner;0;63
Finisher;Harald Kirchner;0;64
Finisher;Hentschel;1821,1845;64
Finisher;Salow;1051;64
Finisher;Schmidt;1137,1443;64
Finisher;Porath;1898;64
Finisher;Williams;1899;64
Finisher;Objekteinr. Kirchner;0;64
Finisher;Harald Kirchner;0;65
Finisher;Hentschel;1821,1845;65
Finisher;Salow;1051;65
Finisher;Schmidt;1137,1443;65
Finisher;Porath;1898;65
Finisher;Williams;1899;65
Finisher;Objekteinr. Kirchner;0;65
Finisher;Harald Kirchner;0;66
Finisher;Hentschel;1821,1845;66
Finisher;Salow;1051;66
Finisher;Schmidt;1137,1443;66
Finisher;Porath;1898;66
Finisher;Harald Kirchner;0;67
Finisher;Hentschel;1821,1845;67
Finisher;Salow;1051;67
Finisher;Schmidt;1137,1443;67
Finisher;Porath;1898;67
Finisher;Harald Kirchner;0;68
Finisher;Hentschel;1821,1845;68
Finisher;Salow;1051;68
Finisher;Schmidt;1137,1443;68
Finisher;Porath;1898;68
Finisher;Williams;1899;68
Finisher;Harald Kirchner;0;69
Finisher;Hentschel;1821,1845;69
Finisher;Salow;1051;69
Finisher;Schmidt;1137,1443;69
Finisher;Porath;1898;69
Finisher;Williams;1899;69
Finisher;Brandt;1447,961;69
Finisher;Salow;1051;70
Finisher;Brandt;1447,961;70
Finisher;Hentschel;1821,1845;70
Finisher;Harald Kirchner;0;70
Finisher;Schmidt;1137,1443;70
Finisher;Porath;1898;70
Finisher;Williams;1899;70
Finisher;Salow;1051;71
Finisher;Brandt;1447,961;71
Finisher;Hentschel;1821,1845;71
Finisher;Harald Kirchner;0;71
Finisher;Schmidt;1137,1443;71
Finisher;Porath;1898;71
Finisher;Williams;1899;71
Finisher;Salow;1051;72
Finisher;Brandt;1447,961;72
Finisher;Hentschel;1821,1845;72
Finisher;Harald Kirchner;0;72
Finisher;Schmidt;1137,1443;72
Finisher;Porath;1898;72
Finisher;Salow;1051;73
Finisher;Brandt;1447,961;73
Finisher;Hentschel;1821,1845;73
Finisher;Harald Kirchner;0;73
Finisher;Schmidt;1137,1443;73
Finisher;Porath;1898;73
Finisher;Williams;1899;73
Finisher;Salow;1051;74
Finisher;Brandt;1447,961;74
Finisher;Hentschel;1821,1845;74
Finisher;Harald Kirchner;0;74
Finisher;Schmidt;1137,1443;74
Finisher;Porath;1898;74
Finisher;Salow;1051;75
Finisher;Brandt;1447,961;75
Finisher;Hentschel;1821,1845;75
Finisher;Harald Kirchner;0;75
Finisher;Schmidt;1137,1443;75
Finisher;Porath;1898;75
Finisher;Salow;1051;76
Finisher;Brandt;1447,961;76
Finisher;Hentschel;1821,1845;76
Finisher;Harald Kirchner;0;76
Finisher;Schmidt;1137,1443;76
Finisher;Porath;1898;76
Finisher;Salow;1051;77
Finisher;Brandt;1447,961;77
Finisher;Hentschel;1821,1845;77
Finisher;Harald Kirchner;0;77
Finisher;Schmidt;1137,1443;77
Finisher;Porath;1898;77
Finisher;Salow;1051;78
Finisher;Brandt;1447,961;78
Finisher;Hentschel;1821,1845;78
Finisher;Harald Kirchner;0;78
Finisher;Schmidt;1137,1443;78
Finisher;Porath;1898;78
Finisher;Salow;1051;79
Finisher;Brandt;1447,961;79
Finisher;Hentschel;1821,1845;79
Finisher;Harald Kirchner;0;79
Finisher;Schmidt;1137,1443;79
Finisher;Porath;1898;79
Finisher;Hentschel;1821,1845;80
Finisher;Salow;1051;80
Finisher;Schmidt;1137,1443;80
Finisher;Harald Kirchner;0;80
Finisher;Porath;1898;80
Finisher;Brandt;1447,961;80
Finisher;Hentschel;1821,1845;81
Finisher;Salow;1051;81
Finisher;Schmidt;1137,1443;81
Finisher;Harald Kirchner;0;81
Finisher;Porath;1898;81
Finisher;Brandt;1447,961;81
Finisher;Hentschel;1821,1845;82
Finisher;Salow;1051;82
Finisher;Schmidt;1137,1443;82
Finisher;Harald Kirchner;0;82
Finisher;Porath;1898;82
Finisher;Brandt;1447,961;82
Finisher;Hentschel;1821,1845;83
Finisher;Salow;1051;83
Finisher;Schmidt;1137,1443;83
Finisher;Harald Kirchner;0;83
Finisher;Porath;1898;83
Finisher;Brandt;1447,961;83
Finisher;Hentschel;1821,1845;84
Finisher;Salow;1051;84
Finisher;Schmidt;1137,1443;84
Finisher;Harald Kirchner;0;84
Finisher;Porath;1898;84
Finisher;Brandt;1447,961;84
Finisher;Hentschel;1821,1845;85
Finisher;Salow;1051;85
Finisher;Schmidt;1137,1443;85
Finisher;Harald Kirchner;0;85
Finisher;Porath;1898;85
Finisher;Brandt;1447,961;85
Finisher;Hentschel;1821,1845;86
Finisher;Salow;1051;86
Finisher;Schmidt;1137,1443;86
Finisher;Harald Kirchner;0;86
Finisher;Porath;1898;86
Finisher;Brandt;1447,961;86
Finisher;Hentschel;1821,1845;87
Finisher;Salow;1051;87
Finisher;Schmidt;1137,1443;87
Finisher;Harald Kirchner;0;87
Finisher;Porath;1898;87
Finisher;Brandt;1447,961;87
Finisher;Hentschel;1821,1845;88
Finisher;Salow;1051;88
Finisher;Schmidt;1137,1443;88
Finisher;Harald Kirchner;0;88
Finisher;Porath;1898;88
Finisher;Brandt;1447,961;88
Finisher;Hentschel;1821,1845;89
Finisher;Salow;1051;89
Finisher;Schmidt;1137,1443;89
Finisher;Harald Kirchner;0;89
Finisher;Porath;1898;89
Finisher;Brandt;1447,961;89
Finisher;Hentschel;1821,1845;90
Finisher;Objekteinr. Kirchner;0;90
Finisher;Salow;1051;90
Finisher;Harald Kirchner;0;90
Finisher;Porath;1898;90
Finisher;Williams;1899;90
Finisher;Schwanke;0;90
Finisher;Unger;1923;90
Finisher;Hentschel;1821,1845;91
Finisher;Objekteinr. Kirchner;0;91
Finisher;Salow;1051;91
Finisher;Harald Kirchner;0;91
Finisher;Porath;1898;91
Finisher;Williams;1899;91
Finisher;Schwanke;0;91
Finisher;Unger;1923;91
Finisher;Hentschel;1821,1845;92
Finisher;Harald Kirchner;0;92
Finisher;Salow;1051;92
Finisher;Schmidt;1137,1443;92
Finisher;Porath;1898;92
Finisher;Schwanke;0;92
Finisher;Unger;1923;92
Finisher;Hentschel;1821,1845;93
Finisher;Harald Kirchner;0;93
Finisher;Salow;1051;93
Finisher;Schmidt;1137,1443;93
Finisher;Porath;1898;93
Finisher;Schwanke;0;93
Finisher;Unger;1923;93
Finisher;Hentschel;1821,1845;94
Finisher;Harald Kirchner;0;94
Finisher;Salow;1051;94
Finisher;Schmidt;1137,1443;94
Finisher;Porath;1898;94
Finisher;Hentschel;1821,1845;95
Finisher;Objekteinr. Kirchner;0;95
Finisher;Salow;1051;95
Finisher;Harald Kirchner;0;95
Finisher;Porath;1898;95
Finisher;Schwanke;0;95
Finisher;Unger;1923;95
Finisher;Hentschel;1821,1845;96
Finisher;Objekteinr. Kirchner;0;96
Finisher;Salow;1051;96
Finisher;Harald Kirchner;0;96
Finisher;Porath;1898;96
Finisher;Williams;1899;96
Finisher;Schwanke;0;96
Finisher;Unger;1923;96
Finisher;Williams;1899;97
Finisher;Objekteinr. Kirchner;0;97
Finisher;Salow;1051;97
Finisher;Harald Kirchner;0;97
Finisher;Porath;1898;97
Finisher;Hentschel;1821,1845;97
Finisher;Schwanke;0;97
Finisher;Unger;1923;97
Finisher;Objekteinr. Kirchner;0;98
Finisher;Hentschel;1821,1845;98
Finisher;Salow;1051;98
Finisher;Harald Kirchner;0;98
Finisher;Porath;1898;98
Finisher;Williams;1899;98
Finisher;Schwanke;0;98
Finisher;Unger;1923;98
Finisher;Objekteinr. Kirchner;0;99
Finisher;Hentschel;1821,1845;99
Finisher;Salow;1051;99
Finisher;Harald Kirchner;0;99
Finisher;Porath;1898;99
Finisher;Schwanke;0;99
Finisher;Unger;1923;99
Finisher;Salow;1051;LUX
Erdsonden;Protze;1452;01
Erdsonden;Erdwärmebohrer;1229;01
Erdsonden;Protze;1452;02
Erdsonden;Erdwärmebohrer;1229;02
Erdsonden;Protze;1452;03
Erdsonden;Erdwärmebohrer;1229;03
Erdsonden;Protze;1452;04
Erdsonden;Erdwärmebohrer;1229;04
Erdsonden;Protze;1452;05
Erdsonden;Erdwärmebohrer;1229;05
Erdsonden;Protze;1452;06
Erdsonden;Erdwärmebohrer;1229;06
Erdsonden;Protze;1452;07
Erdsonden;Erdwärmebohrer;1229;07
Erdsonden;Protze;1452;08
Erdsonden;Erdwärmebohrer;1229;08
Erdsonden;Protze;1452;09
Erdsonden;Erdwärmebohrer;1229;09
Erdsonden;Brück;0;10
Erdsonden;Erdwärmebohrer;1229;10
Erdsonden;Brück;0;11
Erdsonden;Erdwärmebohrer;1229;11
Erdsonden;Brück;0;12
Erdsonden;Erdwärmebohrer;1229;12
Erdsonden;Brück;0;13
Erdsonden;Erdwärmebohrer;1229;13
Erdsonden;Brück;0;14
Erdsonden;Erdwärmebohrer;1229;14
Erdsonden;Brück;0;15
Erdsonden;Erdwärmebohrer;1229;15
Erdsonden;Brück;0;16
Erdsonden;Erdwärmebohrer;1229;16
Erdsonden;Brück;0;17
Erdsonden;Erdwärmebohrer;1229;17
Erdsonden;Erdwärmebohrer;1229;18
Erdsonden;Gross;1693;18
Erdsonden;Erdwärmebohrer;1229;19
Erdsonden;Gross;1693;19
Erdsonden;Erdwärmebohrer;1229;20
Erdsonden;Gross;1693;20
Erdsonden;B&B Nord;0;20
Erdsonden;Erdwärmebohrer;1229;21
Erdsonden;Gross;1693;21
Erdsonden;Erdwärmebohrer;1229;22
Erdsonden;B&B Nord;0;22
Erdsonden;Erdwärmebohrer;1229;23
Erdsonden;B&B Nord;0;23
Erdsonden;Erdwärmebohrer;1229;24
Erdsonden;B&B Nord;0;24
Erdsonden;Erdwärmebohrer;1229;25
Erdsonden;Gross;1693;25
Erdsonden;B&B Nord;0;25
Erdsonden;Erdwärmebohrer;1229;26
Erdsonden;Gross;1693;26
Erdsonden;Erdwärmebohrer;1229;27
Erdsonden;Gross;1693;27
Erdsonden;Erdwärmebohrer;1229;28
Erdsonden;Gross;1693;28
Erdsonden;Erdwärmebohrer;1229;29
Erdsonden;Gross;1693;29
Erdsonden;Erdwärmebohrer;1229;30
Erdsonden;Gross;1693;30
Erdsonden;Erdwärmebohrer;1229;31
Erdsonden;Gross;1693;31
Erdsonden;Sadurski;0;31
Erdsonden;Bunse;1605;32
Erdsonden;Erdwärmebohrer;1229;32
Erdsonden;Gross;1693;32
Erdsonden;Sadurski;0;32
Erdsonden;Bunse;1605;33
Erdsonden;Erdwärmebohrer;1229;33
Erdsonden;Gross;1693;33
Erdsonden;Sadurski;0;33
Erdsonden;Bunse;1605;34
Erdsonden;Geo-Bohrtechnik;0;34
Erdsonden;Erdwärmebohrer;1229;34
Erdsonden;Bunse;1605;35
Erdsonden;Geo-Bohrtechnik;0;35
Erdsonden;Erdwärmebohrer;1229;35
Erdsonden;Bunse;1605;36
Erdsonden;Geo-Bohrtechnik;0;36
Erdsonden;Erdwärmebohrer;1229;36
Erdsonden;Bunse;1605;37
Erdsonden;Erdwärmebohrer;1229;37
Erdsonden;Bunse;1605;38
Erdsonden;Erdwärmebohrer;1229;38
Erdsonden;Gross;1693;38
Erdsonden;Bunse;1605;39
Erdsonden;Erdwärmebohrer;1229;39
Erdsonden;Gross;1693;39
Erdsonden;Erdwärmebohrer;1229;40
Erdsonden;Bunse;1605;40
Erdsonden;Knüsting;0;40
Erdsonden;Erdwärmebohrer;1229;41
Erdsonden;Bunse;1605;41
Erdsonden;Knüsting;0;41
Erdsonden;Erdwärmebohrer;1229;42
Erdsonden;Bunse;1605;42
Erdsonden;Knüsting;0;42
Erdsonden;Erdwärmebohrer;1229;43
Erdsonden;Bunse;1605;43
Erdsonden;Knüsting;0;43
Erdsonden;Erdwärmebohrer;1229;44
Erdsonden;Bunse;1605;44
Erdsonden;Knüsting;0;44
Erdsonden;Erdwärmebohrer;1229;45
Erdsonden;Bunse;1605;45
Erdsonden;Knüsting;0;45
Erdsonden;Erdwärmebohrer;1229;46
Erdsonden;Bunse;1605;46
Erdsonden;Knüsting;0;46
Erdsonden;Erdwärmebohrer;1229;47
Erdsonden;Bunse;1605;47
Erdsonden;Knüsting;0;47
Erdsonden;Erdwärmebohrer;1229;48
Erdsonden;Bunse;1605;48
Erdsonden;Knüsting;0;48
Erdsonden;Sadurski;0;48
Erdsonden;Erdwärmebohrer;1229;49
Erdsonden;Bunse;1605;49
Erdsonden;Sadurski;0;49
Erdsonden;Bunse;1605;50
Erdsonden;Erdwärmebohrer;1229;50
Erdsonden;Bunse;1605;51
Erdsonden;Erdwärmebohrer;1229;51
Erdsonden;Bunse;1605;52
Erdsonden;Erdwärmebohrer;1229;52
Erdsonden;Bunse;1605;53
Erdsonden;Erdwärmebohrer;1229;53
Erdsonden;Bunse;1605;54
Erdsonden;Erdwärmebohrer;1229;54
Erdsonden;Hölker;1389;54
Erdsonden;Bunse;1605;55
Erdsonden;Erdwärmebohrer;1229;55
Erdsonden;Hölker;1389;55
Erdsonden;Bunse;1605;56
Erdsonden;Erdwärmebohrer;1229;56
Erdsonden;Bunse;1605;57
Erdsonden;Erdwärmebohrer;1229;57
Erdsonden;Bunse;1605;58
Erdsonden;Erdwärmebohrer;1229;58
Erdsonden;Bunse;1605;59
Erdsonden;Erdwärmebohrer;1229;59
Erdsonden;Geo-Bohrtechnik;0;60
Erdsonden;Bunse;1605;60
Erdsonden;Kunkel;0;60
Erdsonden;Handke;1566;60
Erdsonden;Geo-Bohrtechnik;0;61
Erdsonden;Bunse;1605;61
Erdsonden;Kunkel;0;61
Erdsonden;Handke;1566;61
Erdsonden;Geo-Bohrtechnik;0;62
Erdsonden;Bunse;1605;62
Erdsonden;Kunkel;0;62
Erdsonden;Handke;1566;62
Erdsonden;Geo-Bohrtechnik;0;63
Erdsonden;Bunse;1605;63
Erdsonden;Kunkel;0;63
Erdsonden;Handke;1566;63
Erdsonden;Geo-Bohrtechnik;0;64
Erdsonden;Bunse;1605;64
Erdsonden;Kunkel;0;64
Erdsonden;Handke;1566;64
Erdsonden;Geo-Bohrtechnik;0;65
Erdsonden;Bunse;1605;65
Erdsonden;Kunkel;0;65
Erdsonden;Handke;1566;65
Erdsonden;Bunse;1605;66
Erdsonden;Hölker;1389;66
Erdsonden;Bunse;1605;67
Erdsonden;Hölker;1389;67
Erdsonden;Bunse;1605;68
Erdsonden;Kunkel;0;68
Erdsonden;Bunse;1605;69
Erdsonden;Kunkel;0;69
Erdsonden;BTR Roßwag;0;70
Erdsonden;Bunse;1605;70
Erdsonden;BTR Roßwag;0;71
Erdsonden;Bunse;1605;71
Erdsonden;Bunse;1605;72
Erdsonden;Koch;602,1186;72
Erdsonden;Bunse;1605;73
Erdsonden;Bunse;1605;74
Erdsonden;BTR Roßwag;0;75
Erdsonden;Bunse;1605;76
Erdsonden;Bunse;1605;77
Erdsonden;Bunse;1605;78
Erdsonden;Koch;602,1186;78
Erdsonden;Bunse;1605;79
Erdsonden;Bunse;1605;80
Erdsonden;Engel;0;80
Erdsonden;Mayer;0;80
Erdsonden;Vögerl & Wilks;0;80
Erdsonden;Bunse;1605;81
Erdsonden;Engel;0;81
Erdsonden;Mayer;0;81
Erdsonden;Vögerl & Wilks;0;81
Erdsonden;Bunse;1605;82
Erdsonden;Mayer;0;82
Erdsonden;Vögerl & Wilks;0;82
Erdsonden;Sinvelop;0;82
Erdsonden;Bunse;1605;83
Erdsonden;Mayer;0;83
Erdsonden;Vögerl & Wilks;0;83
Erdsonden;Sinvelop;0;83
Erdsonden;Bunse;1605;84
Erdsonden;Engel;0;84
Erdsonden;Vögerl & Wilks;0;84
Erdsonden;Bunse;1605;85
Erdsonden;Engel;0;85
Erdsonden;Vögerl & Wilks;0;85
Erdsonden;Bunse;1605;86
Erdsonden;Engel;0;86
Erdsonden;Vögerl & Wilks;0;86
Erdsonden;Bunse;1605;87
Erdsonden;Vögerl & Wilks;0;87
Erdsonden;Bunse;1605;88
Erdsonden;Vögerl & Wilks;0;88
Erdsonden;Bunse;1605;89
Erdsonden;Engel;0;89
Erdsonden;Vögerl & Wilks;0;89
Erdsonden;Bunse;1605;90
Erdsonden;Engel;0;90
Erdsonden;Kern;1549;90
Erdsonden;Vögerl & Wilks;0;90
Erdsonden;Bunse;1605;91
Erdsonden;Kern;1549;91
Erdsonden;Vögerl & Wilks;0;91
Erdsonden;Bunse;1605;92
Erdsonden;Engel;0;92
Erdsonden;Kern;1549;92
Erdsonden;Vögerl & Wilks;0;92
Erdsonden;Bunse;1605;93
Erdsonden;Kosak;0;93
Erdsonden;Engel;0;93
Erdsonden;Vögerl & Wilks;0;93
Erdsonden;Bunse;1605;94
Erdsonden;Kosak;0;94
Erdsonden;Vögerl & Wilks;0;94
Erdsonden;Bunse;1605;95
Erdsonden;Engel;0;95
Erdsonden;Kern;1549;95
Erdsonden;Vögerl & Wilks;0;95
Erdsonden;Bunse;1605;96
Erdsonden;Kern;1549;96
Erdsonden;Vögerl & Wilks;0;96
Erdsonden;Bunse;1605;97
Erdsonden;Bunse;1605;98
Erdsonden;Protze;1452;98
Erdsonden;Bunse;1605;99
Erdsonden;Protze;1452;99
